Sede,Invoice No,Date,Line,Product Code,Invoice Quantity,Unit Cost,Net Unit Price,Price List,Price Limit,Price Std,Category Name,Total
DEL,DEL1000,12/05/2025,10,PLY-680,2,11.45,21.2,23.32,20.14,21.2,Plywood,42.4
DEL,DEL1001,17/08/2025,10,CEM-425,1,23.54,34.87,38.36,33.13,34.87,Cemento,34.87
DEL,DEL1001,17/08/2025,20,PLY-994,1,10.94,19.58,21.54,18.6,19.58,Plywood,19.58
DEL,DEL1001,17/08/2025,30,TUB-134,2,33.42,58.77,64.65,55.83,58.77,Tuberías,117.54
DEL,DEL1002,23/06/2026,10,PIN-721,3,22.66,32.27,35.5,30.66,32.27,Pinturas,96.81
DEL,DEL1002,23/06/2026,20,PLY-745,2,27.86,46.24,50.86,43.93,46.24,Plywood,92.48
DEL,DEL1002,23/06/2026,30,PIN-322,5,24.93,37.09,40.8,35.24,37.09,Pinturas,185.45
DEL,DEL1002,23/06/2026,40,PLY-998,2,26.73,49.94,54.93,47.44,49.94,Plywood,99.88
DEL,DEL1003,05/03/2025,10,PLY-614,5,32.14,46.19,50.81,43.88,46.19,Plywood,230.95
DEL,DEL1003,05/03/2025,20,ELÉ-577,2,26.87,47.71,52.48,45.32,47.71,Eléctrico,95.42
DEL,DEL1003,05/03/2025,30,PIN-407,1,34.61,45.53,50.08,43.25,45.53,Pinturas,45.53
DEL,DEL1004,27/06/2026,10,PIN-408,2,7.84,11.25,12.38,10.69,11.25,Pinturas,22.5
DEL,DEL1005,31/03/2026,10,PLY-821,3,25.34,42.43,46.67,40.31,42.43,Plywood,127.29
DEL,DEL1006,22/10/2025,10,PLY-281,2,16.16,26.37,29.01,25.05,26.37,Plywood,52.74
DEL,DEL1006,22/10/2025,20,TUB-559,2,28.67,41.33,45.46,39.26,41.33,Tuberías,82.66
DEL,DEL1007,27/09/2025,10,ACA-711,5,28.8,44.1,48.51,41.89,44.1,Acabados,220.5
DEL,DEL1008,01/01/2026,10,PIN-796,4,30.98,50.33,55.36,47.81,50.33,Pinturas,201.32
DEL,DEL1008,01/01/2026,20,CEM-601,3,19.33,30.71,33.78,29.17,30.71,Cemento,92.13
DEL,DEL1009,03/03/2026,10,PLY-667,5,13.46,20.22,22.24,19.21,20.22,Plywood,101.1
DEL,DEL1009,03/03/2026,20,CEM-780,5,34.61,58.12,63.93,55.21,58.12,Cemento,290.6
DEL,DEL1009,03/03/2026,30,TUB-966,4,21.03,36.39,40.03,34.57,36.39,Tuberías,145.56
DEL,DEL1010,02/10/2025,10,TUB-802,1,21.14,32.04,35.24,30.44,32.04,Tuberías,32.04
DEL,DEL1010,02/10/2025,20,CEM-261,1,24.72,40.25,44.28,38.24,40.25,Cemento,40.25
DEL,DEL1011,05/02/2026,10,ACE-106,5,38.69,52.14,57.35,49.53,52.14,Acero,260.7
DEL,DEL1011,05/02/2026,20,PIN-908,1,5.31,9.35,10.29,8.88,9.35,Pinturas,9.35
DEL,DEL1012,07/08/2025,10,CEM-136,5,29.6,49.61,54.57,47.13,49.61,Cemento,248.05
DEL,DEL1012,07/08/2025,20,ACE-894,2,13.31,21.4,23.54,20.33,21.4,Acero,42.8
DEL,DEL1012,07/08/2025,30,ELÉ-801,1,8.07,12.64,13.9,12.01,12.64,Eléctrico,12.64
DEL,DEL1012,07/08/2025,40,TUB-935,4,39.21,55.31,60.84,52.54,55.31,Tuberías,221.24
DEL,DEL1013,03/07/2025,10,TUB-354,1,16.67,23.01,25.31,21.86,23.01,Tuberías,23.01
DEL,DEL1013,03/07/2025,20,PLY-686,5,16.93,23.41,25.75,22.24,23.41,Plywood,117.05
DEL,DEL1014,07/01/2026,10,PLY-738,1,26.84,48.32,53.15,45.9,48.32,Plywood,48.32
DEL,DEL1014,07/01/2026,20,ACE-379,5,11.52,19.64,21.6,18.66,19.64,Acero,98.2
DEL,DEL1014,07/01/2026,30,CEM-804,4,28.0,42.88,47.17,40.74,42.88,Cemento,171.52
DEL,DEL1014,07/01/2026,40,TUB-367,2,5.64,8.81,9.69,8.37,8.81,Tuberías,17.62
DEL,DEL1015,27/04/2025,10,TUB-825,2,27.24,46.19,50.81,43.88,46.19,Tuberías,92.38
DEL,DEL1016,13/03/2026,10,ACA-404,5,24.38,44.67,49.14,42.44,44.67,Acabados,223.35
DEL,DEL1016,13/03/2026,20,PIN-788,4,39.24,51.97,57.17,49.37,51.97,Pinturas,207.88
DEL,DEL1016,13/03/2026,30,PIN-379,1,26.73,49.37,54.31,46.9,49.37,Pinturas,49.37
DEL,DEL1017,01/05/2026,10,PLY-636,5,17.63,31.53,34.68,29.95,31.53,Plywood,157.65
DEL,DEL1017,01/05/2026,20,ACA-933,5,23.63,40.03,44.03,38.03,40.03,Acabados,200.15
DEL,DEL1018,07/03/2025,10,ACE-487,1,36.31,66.89,73.58,63.55,66.89,Acero,66.89
DEL,DEL1018,07/03/2025,20,ELÉ-262,2,6.31,8.6,9.46,8.17,8.6,Eléctrico,17.2
DEL,DEL1018,07/03/2025,30,ACE-962,5,16.23,28.24,31.06,26.83,28.24,Acero,141.2
DEL,DEL1018,07/03/2025,40,PIN-120,3,8.5,13.85,15.24,13.16,13.85,Pinturas,41.55
DEL,DEL1019,22/04/2026,10,PLY-782,3,30.29,48.18,53.0,45.77,48.18,Plywood,144.54
DEL,DEL1019,22/04/2026,20,TUB-647,5,20.67,27.84,30.62,26.45,27.84,Tuberías,139.2
DEL,DEL1019,22/04/2026,30,CEM-847,3,19.17,28.32,31.15,26.9,28.32,Cemento,84.96
DEL,DEL1019,22/04/2026,40,PLY-774,2,18.92,35.67,39.24,33.89,35.67,Plywood,71.34
DEL,DEL1020,24/10/2025,10,PLY-257,4,28.0,43.87,48.26,41.68,43.87,Plywood,175.48
DEL,DEL1020,24/10/2025,20,PLY-976,2,6.2,8.62,9.48,8.19,8.62,Plywood,17.24
DEL,DEL1021,22/03/2026,10,PIN-508,1,10.82,15.78,17.36,14.99,15.78,Pinturas,15.78
DEL,DEL1021,22/03/2026,20,CEM-398,4,33.39,62.58,68.84,59.45,62.58,Cemento,250.32
DEL,DEL1021,22/03/2026,30,PIN-144,5,14.75,27.45,30.2,26.08,27.45,Pinturas,137.25
DEL,DEL1022,22/09/2025,10,PLY-689,1,33.42,45.05,49.55,42.8,45.05,Plywood,45.05
DEL,DEL1022,22/09/2025,20,CEM-755,5,33.64,51.4,56.54,48.83,51.4,Cemento,257.0
DEL,DEL1022,22/09/2025,30,ACA-153,5,35.14,54.55,60.01,51.82,54.55,Acabados,272.75
DEL,DEL1022,22/09/2025,40,TUB-621,5,20.06,29.65,32.62,28.17,29.65,Tuberías,148.25
DEL,DEL1023,16/06/2026,10,CEM-912,2,12.71,19.36,21.3,18.39,19.36,Cemento,38.72
DEL,DEL1023,16/06/2026,20,PLY-670,5,11.19,18.53,20.38,17.6,18.53,Plywood,92.65
DEL,DEL1023,16/06/2026,30,PLY-679,4,18.97,32.62,35.88,30.99,32.62,Plywood,130.48
DEL,DEL1023,16/06/2026,40,PLY-912,1,37.39,55.18,60.7,52.42,55.18,Plywood,55.18
DEL,DEL1024,06/01/2025,10,CEM-124,1,11.11,18.02,19.82,17.12,18.02,Cemento,18.02
DEL,DEL1024,06/01/2025,20,PIN-443,4,22.74,35.64,39.2,33.86,35.64,Pinturas,142.56
DEL,DEL1024,06/01/2025,30,FER-896,3,16.17,22.08,24.29,20.98,22.08,Ferretería,66.24
DEL,DEL1025,25/03/2026,10,PIN-773,3,6.37,8.83,9.71,8.39,8.83,Pinturas,26.49
DEL,DEL1026,15/06/2026,10,PLY-804,3,19.82,29.89,32.88,28.4,29.89,Plywood,89.67
DEL,DEL1026,15/06/2026,20,PLY-705,1,39.06,54.36,59.8,51.64,54.36,Plywood,54.36
DEL,DEL1026,15/06/2026,30,TUB-242,2,39.54,57.11,62.82,54.25,57.11,Tuberías,114.22
DEL,DEL1026,15/06/2026,40,CEM-338,2,26.07,40.18,44.2,38.17,40.18,Cemento,80.36
DEL,DEL1027,08/09/2025,10,ELÉ-901,5,29.29,38.15,41.97,36.24,38.15,Eléctrico,190.75
DEL,DEL1027,08/09/2025,20,CEM-392,1,15.52,20.8,22.88,19.76,20.8,Cemento,20.8
DEL,DEL1027,08/09/2025,30,ACA-459,1,31.53,42.59,46.85,40.46,42.59,Acabados,42.59
DEL,DEL1028,24/02/2026,10,PLY-338,3,14.96,21.86,24.05,20.77,21.86,Plywood,65.58
DEL,DEL1028,24/02/2026,20,CEM-662,1,27.57,41.28,45.41,39.22,41.28,Cemento,41.28
DEL,DEL1028,24/02/2026,30,TUB-755,2,33.81,64.21,70.63,61.0,64.21,Tuberías,128.42
DEL,DEL1029,09/02/2025,10,CEM-666,2,17.28,30.35,33.39,28.83,30.35,Cemento,60.7
DEL,DEL1029,09/02/2025,20,PLY-144,1,31.43,57.44,63.18,54.57,57.44,Plywood,57.44
DEL,DEL1029,09/02/2025,30,PLY-579,1,27.58,48.96,53.86,46.51,48.96,Plywood,48.96
DEL,DEL1029,09/02/2025,40,CEM-203,2,27.77,37.5,41.25,35.62,37.5,Cemento,75.0
DEL,DEL1030,13/04/2025,10,PLY-188,1,22.77,39.55,43.51,37.57,39.55,Plywood,39.55
DEL,DEL1030,13/04/2025,20,CEM-166,5,28.51,50.04,55.04,47.54,50.04,Cemento,250.2
DEL,DEL1030,13/04/2025,30,PLY-663,2,27.66,41.11,45.22,39.05,41.11,Plywood,82.22
DEL,DEL1030,13/04/2025,40,PIN-560,2,36.23,68.19,75.01,64.78,68.19,Pinturas,136.38
DEL,DEL1031,20/02/2026,10,PIN-611,3,16.52,24.23,26.65,23.02,24.23,Pinturas,72.69
DEL,DEL1032,18/01/2025,10,ELÉ-363,1,38.59,65.38,71.92,62.11,65.38,Eléctrico,65.38
DEL,DEL1032,18/01/2025,20,CEM-235,1,39.64,55.3,60.83,52.53,55.3,Cemento,55.3
DEL,DEL1032,18/01/2025,30,CEM-118,2,20.83,36.44,40.08,34.62,36.44,Cemento,72.88
DEL,DEL1032,18/01/2025,40,PLY-789,4,11.14,15.35,16.89,14.58,15.35,Plywood,61.4
DEL,DEL1033,17/05/2025,10,CEM-533,4,26.24,34.9,38.39,33.15,34.9,Cemento,139.6
DEL,DEL1034,21/03/2026,10,PIN-789,3,22.62,29.95,32.95,28.45,29.95,Pinturas,89.85
DEL,DEL1034,21/03/2026,20,PLY-397,3,10.78,14.61,16.07,13.88,14.61,Plywood,43.83
DEL,DEL1035,09/02/2025,10,CEM-374,1,22.94,32.84,36.12,31.2,32.84,Cemento,32.84
DEL,DEL1035,09/02/2025,20,TUB-128,1,24.25,32.36,35.6,30.74,32.36,Tuberías,32.36
DEL,DEL1035,09/02/2025,30,PLY-147,4,38.74,57.07,62.78,54.22,57.07,Plywood,228.28
DEL,DEL1036,23/02/2025,10,PIN-414,3,10.77,17.17,18.89,16.31,17.17,Pinturas,51.51
DEL,DEL1036,23/02/2025,20,PLY-189,4,14.77,21.72,23.89,20.63,21.72,Plywood,86.88
DEL,DEL1036,23/02/2025,30,CEM-670,1,24.28,38.44,42.28,36.52,38.44,Cemento,38.44
DEL,DEL1036,23/02/2025,40,ACE-580,1,38.41,60.25,66.28,57.24,60.25,Acero,60.25
DEL,DEL1037,06/10/2025,10,PLY-150,3,27.99,37.3,41.03,35.43,37.3,Plywood,111.9
DEL,DEL1037,06/10/2025,20,CEM-828,2,18.73,31.11,34.22,29.55,31.11,Cemento,62.22
DEL,DEL1037,06/10/2025,30,PLY-892,2,21.13,32.03,35.23,30.43,32.03,Plywood,64.06
DEL,DEL1038,24/12/2025,10,ACE-372,2,38.7,66.29,72.92,62.98,66.29,Acero,132.58
DEL,DEL1038,24/12/2025,20,PLY-101,4,16.88,25.95,28.55,24.65,25.95,Plywood,103.8
DEL,DEL1039,31/08/2025,10,PLY-516,2,21.01,34.54,37.99,32.81,34.54,Plywood,69.08
DEL,DEL1039,31/08/2025,20,FER-822,3,22.04,41.6,45.76,39.52,41.6,Ferretería,124.8
DEL,DEL1039,31/08/2025,30,TUB-406,2,12.37,17.62,19.38,16.74,17.62,Tuberías,35.24
DEL,DEL1040,24/02/2026,10,TUB-505,1,6.35,8.33,9.16,7.91,8.33,Tuberías,8.33
DEL,DEL1040,24/02/2026,20,ELÉ-451,3,14.8,20.21,22.23,19.2,20.21,Eléctrico,60.63
DEL,DEL1040,24/02/2026,30,PLY-164,2,30.15,39.46,43.41,37.49,39.46,Plywood,78.92
DEL,DEL1041,09/11/2025,10,PLY-592,1,8.16,14.32,15.75,13.6,14.32,Plywood,14.32
DEL,DEL1041,09/11/2025,20,ACA-937,3,22.05,41.31,45.44,39.24,41.31,Acabados,123.93
DEL,DEL1041,09/11/2025,30,ACA-740,2,29.11,49.12,54.03,46.66,49.12,Acabados,98.24
DEL,DEL1042,03/11/2025,10,CEM-492,1,10.67,16.31,17.94,15.49,16.31,Cemento,16.31
DEL,DEL1042,03/11/2025,20,PLY-526,1,12.74,18.17,19.99,17.26,18.17,Plywood,18.17
DEL,DEL1042,03/11/2025,30,PLY-526,3,13.28,23.75,26.13,22.56,23.75,Plywood,71.25
DEL,DEL1043,20/04/2026,10,PLY-131,4,13.35,19.99,21.99,18.99,19.99,Plywood,79.96
DEL,DEL1043,20/04/2026,20,CEM-859,2,16.54,30.65,33.72,29.12,30.65,Cemento,61.3
DEL,DEL1043,20/04/2026,30,CEM-420,1,5.93,8.32,9.15,7.9,8.32,Cemento,8.32
DEL,DEL1044,23/02/2025,10,CEM-689,3,11.82,19.59,21.55,18.61,19.59,Cemento,58.77
DEL,DEL1044,23/02/2025,20,CEM-636,2,31.17,47.91,52.7,45.51,47.91,Cemento,95.82
DEL,DEL1044,23/02/2025,30,TUB-322,1,20.23,38.24,42.06,36.33,38.24,Tuberías,38.24
DEL,DEL1045,27/03/2026,10,PLY-559,4,14.9,23.5,25.85,22.32,23.5,Plywood,94.0
DEL,DEL1045,27/03/2026,20,TUB-461,1,13.01,19.13,21.04,18.17,19.13,Tuberías,19.13
DEL,DEL1046,30/06/2025,10,PIN-692,2,10.41,15.44,16.98,14.67,15.44,Pinturas,30.88
DEL,DEL1046,30/06/2025,20,CEM-735,5,5.6,9.93,10.92,9.43,9.93,Cemento,49.65
DEL,DEL1046,30/06/2025,30,PLY-137,5,38.67,69.84,76.82,66.35,69.84,Plywood,349.2
DEL,DEL1047,08/03/2026,10,CEM-739,5,31.04,55.89,61.48,53.1,55.89,Cemento,279.45
DEL,DEL1047,08/03/2026,20,CEM-904,3,32.48,44.26,48.69,42.05,44.26,Cemento,132.78
DEL,DEL1047,08/03/2026,30,PLY-764,5,25.93,39.02,42.92,37.07,39.02,Plywood,195.1
DEL,DEL1048,24/02/2026,10,ACE-277,5,25.59,45.13,49.64,42.87,45.13,Acero,225.65
DEL,DEL1048,24/02/2026,20,CEM-937,4,25.31,34.55,38.01,32.82,34.55,Cemento,138.2
DEL,DEL1048,24/02/2026,30,HER-432,5,26.55,40.31,44.34,38.29,40.31,Herramientas,201.55
DEL,DEL1048,24/02/2026,40,CEM-689,1,17.37,24.44,26.88,23.22,24.44,Cemento,24.44
DEL,DEL1049,09/02/2026,10,CEM-633,3,28.06,52.33,57.56,49.71,52.33,Cemento,156.99
DEL,DEL1049,09/02/2026,20,ACE-505,5,27.64,37.8,41.58,35.91,37.8,Acero,189.0
DEL,DEL1050,28/02/2025,10,ELÉ-936,5,28.23,51.11,56.22,48.55,51.11,Eléctrico,255.55
DEL,DEL1050,28/02/2025,20,CEM-243,2,18.42,31.92,35.11,30.32,31.92,Cemento,63.84
DEL,DEL1050,28/02/2025,30,PIN-210,4,6.48,11.64,12.8,11.06,11.64,Pinturas,46.56
DEL,DEL1051,01/05/2026,10,PIN-913,5,29.87,44.24,48.66,42.03,44.24,Pinturas,221.2
DEL,DEL1051,01/05/2026,20,HER-284,5,24.65,36.1,39.71,34.3,36.1,Herramientas,180.5
DEL,DEL1051,01/05/2026,30,TUB-186,1,21.04,39.32,43.25,37.35,39.32,Tuberías,39.32
DEL,DEL1052,01/05/2026,10,CEM-611,2,37.69,69.66,76.63,66.18,69.66,Cemento,139.32
DEL,DEL1052,01/05/2026,20,ELÉ-379,1,24.76,34.65,38.12,32.92,34.65,Eléctrico,34.65
DEL,DEL1052,01/05/2026,30,CEM-394,5,18.01,26.82,29.5,25.48,26.82,Cemento,134.1
DEL,DEL1053,30/12/2025,10,ACE-567,3,21.34,28.7,31.57,27.26,28.7,Acero,86.1
DEL,DEL1053,30/12/2025,20,CEM-432,3,8.23,11.86,13.05,11.27,11.86,Cemento,35.58
DEL,DEL1053,30/12/2025,30,CEM-803,4,31.1,45.3,49.83,43.03,45.3,Cemento,181.2
DEL,DEL1053,30/12/2025,40,TUB-810,2,27.54,45.05,49.55,42.8,45.05,Tuberías,90.1
DEL,DEL1054,27/02/2026,10,TUB-803,3,5.22,7.26,7.99,6.9,7.26,Tuberías,21.78
DEL,DEL1054,27/02/2026,20,TUB-275,4,7.26,10.18,11.2,9.67,10.18,Tuberías,40.72
DEL,DEL1054,27/02/2026,30,CEM-621,1,25.41,45.27,49.8,43.01,45.27,Cemento,45.27
DEL,DEL1054,27/02/2026,40,CEM-666,2,12.19,20.75,22.83,19.71,20.75,Cemento,41.5
DEL,DEL1055,19/10/2025,10,PIN-411,1,21.35,36.01,39.61,34.21,36.01,Pinturas,36.01
DEL,DEL1056,26/09/2025,10,TUB-664,4,10.83,14.76,16.24,14.02,14.76,Tuberías,59.04
DEL,DEL1057,23/03/2025,10,ACA-546,2,21.89,35.44,38.98,33.67,35.44,Acabados,70.88
DEL,DEL1057,23/03/2025,20,PLY-494,2,23.81,45.12,49.63,42.86,45.12,Plywood,90.24
DEL,DEL1057,23/03/2025,30,TUB-327,4,9.25,12.62,13.88,11.99,12.62,Tuberías,50.48
DEL,DEL1057,23/03/2025,40,CEM-616,5,38.13,68.53,75.38,65.1,68.53,Cemento,342.65
DEL,DEL1058,30/04/2026,10,HER-451,4,19.82,35.33,38.86,33.56,35.33,Herramientas,141.32
DEL,DEL1058,30/04/2026,20,PLY-638,5,24.38,32.74,36.01,31.1,32.74,Plywood,163.7
DEL,DEL1058,30/04/2026,30,CEM-637,2,22.27,29.87,32.86,28.38,29.87,Cemento,59.74
DEL,DEL1059,13/05/2025,10,PLY-587,2,35.38,46.68,51.35,44.35,46.68,Plywood,93.36
DEL,DEL1060,01/03/2025,10,TUB-485,4,32.19,55.81,61.39,53.02,55.81,Tuberías,223.24
DEL,DEL1061,26/06/2026,10,PLY-272,3,18.35,26.6,29.26,25.27,26.6,Plywood,79.8
DEL,DEL1061,26/06/2026,20,PLY-865,5,34.7,55.87,61.46,53.08,55.87,Plywood,279.35
DEL,DEL1062,29/01/2026,10,CEM-883,1,32.17,56.08,61.69,53.28,56.08,Cemento,56.08
DEL,DEL1062,29/01/2026,20,PLY-340,3,23.49,41.15,45.27,39.09,41.15,Plywood,123.45
DEL,DEL1062,29/01/2026,30,ACE-782,1,35.34,57.81,63.59,54.92,57.81,Acero,57.81
DEL,DEL1062,29/01/2026,40,ACE-382,1,36.23,60.98,67.08,57.93,60.98,Acero,60.98
DEL,DEL1063,23/08/2025,10,CEM-717,2,26.42,45.73,50.3,43.44,45.73,Cemento,91.46
DEL,DEL1063,23/08/2025,20,PLY-562,2,20.78,30.5,33.55,28.97,30.5,Plywood,61.0
DEL,DEL1063,23/08/2025,30,CEM-682,4,5.33,8.73,9.6,8.29,8.73,Cemento,34.92
DEL,DEL1063,23/08/2025,40,PLY-776,4,28.21,50.09,55.1,47.59,50.09,Plywood,200.36
DEL,DEL1064,29/01/2026,10,PLY-896,3,8.93,14.87,16.36,14.13,14.87,Plywood,44.61
DEL,DEL1064,29/01/2026,20,SEG-261,3,36.7,69.59,76.55,66.11,69.59,Seguridad,208.77
DEL,DEL1064,29/01/2026,30,PLY-105,3,22.18,38.98,42.88,37.03,38.98,Plywood,116.94
DEL,DEL1064,29/01/2026,40,TUB-294,4,15.86,27.76,30.54,26.37,27.76,Tuberías,111.04
DEL,DEL1065,03/03/2026,10,PIN-674,4,19.31,32.84,36.12,31.2,32.84,Pinturas,131.36
DEL,DEL1065,03/03/2026,20,SEG-617,5,25.82,36.03,39.63,34.23,36.03,Seguridad,180.15
DEL,DEL1065,03/03/2026,30,TUB-832,2,12.65,22.48,24.73,21.36,22.48,Tuberías,44.96
DEL,DEL1065,03/03/2026,40,PLY-868,5,6.65,11.84,13.02,11.25,11.84,Plywood,59.2
DEL,DEL1066,30/03/2026,10,TUB-851,3,31.27,48.13,52.94,45.72,48.13,Tuberías,144.39
DEL,DEL1067,05/06/2025,10,TUB-250,5,19.6,36.24,39.86,34.43,36.24,Tuberías,181.2
DEL,DEL1067,05/06/2025,20,ACE-473,5,24.1,43.75,48.13,41.56,43.75,Acero,218.75
DEL,DEL1068,24/12/2025,10,TUB-876,4,14.46,24.77,27.25,23.53,24.77,Tuberías,99.08
DEL,DEL1068,24/12/2025,20,PLY-681,1,27.82,38.0,41.8,36.1,38.0,Plywood,38.0
DEL,DEL1068,24/12/2025,30,TUB-410,4,36.1,49.55,54.51,47.07,49.55,Tuberías,198.2
DEL,DEL1069,02/03/2025,10,ELÉ-322,2,6.78,8.97,9.87,8.52,8.97,Eléctrico,17.94
DEL,DEL1069,02/03/2025,20,PLY-965,4,21.38,29.81,32.79,28.32,29.81,Plywood,119.24
DEL,DEL1070,21/02/2025,10,PLY-922,2,6.92,9.58,10.54,9.1,9.58,Plywood,19.16
DEL,DEL1070,21/02/2025,20,PLY-636,5,7.62,14.16,15.58,13.45,14.16,Plywood,70.8
DEL,DEL1071,28/01/2026,10,HER-361,2,12.46,22.76,25.04,21.62,22.76,Herramientas,45.52
DEL,DEL1071,28/01/2026,20,PLY-268,1,35.48,55.52,61.07,52.74,55.52,Plywood,55.52
DEL,DEL1072,26/03/2025,10,PLY-673,3,12.32,18.07,19.88,17.17,18.07,Plywood,54.21
DEL,DEL1073,07/10/2025,10,CEM-945,3,5.52,10.27,11.3,9.76,10.27,Cemento,30.81
DEL,DEL1073,07/10/2025,20,PLY-818,2,16.43,21.68,23.85,20.6,21.68,Plywood,43.36
DEL,DEL1074,02/07/2025,10,PLY-361,3,5.2,7.25,7.98,6.89,7.25,Plywood,21.75
DEL,DEL1074,02/07/2025,20,ELÉ-399,3,35.54,54.57,60.03,51.84,54.57,Eléctrico,163.71
DEL,DEL1075,18/03/2025,10,ACE-831,3,13.07,19.14,21.05,18.18,19.14,Acero,57.42
DEL,DEL1075,18/03/2025,20,TUB-810,5,23.1,31.48,34.63,29.91,31.48,Tuberías,157.4
DEL,DEL1075,18/03/2025,30,PLY-821,4,10.23,16.33,17.96,15.51,16.33,Plywood,65.32
DEL,DEL1076,09/11/2025,10,CEM-884,4,31.55,42.34,46.57,40.22,42.34,Cemento,169.36
DEL,DEL1077,09/06/2025,10,PLY-174,2,39.44,70.01,77.01,66.51,70.01,Plywood,140.02
DEL,DEL1077,09/06/2025,20,PIN-317,3,36.33,54.58,60.04,51.85,54.58,Pinturas,163.74
DEL,DEL1077,09/06/2025,30,CEM-378,3,36.01,63.54,69.89,60.36,63.54,Cemento,190.62
DEL,DEL1078,03/02/2026,10,ELÉ-943,5,23.69,34.15,37.57,32.44,34.15,Eléctrico,170.75
DEL,DEL1078,03/02/2026,20,PLY-986,5,16.6,23.04,25.34,21.89,23.04,Plywood,115.2
DEL,DEL1078,03/02/2026,30,ACE-580,3,23.18,42.43,46.67,40.31,42.43,Acero,127.29
DEL,DEL1079,22/06/2025,10,FER-622,4,11.34,19.28,21.21,18.32,19.28,Ferretería,77.12
DEL,DEL1079,22/06/2025,20,ELÉ-481,4,30.03,50.52,55.57,47.99,50.52,Eléctrico,202.08
DEL,DEL1080,16/01/2026,10,ELÉ-109,2,36.14,63.26,69.59,60.1,63.26,Eléctrico,126.52
DEL,DEL1080,16/01/2026,20,PIN-438,2,11.17,17.56,19.32,16.68,17.56,Pinturas,35.12
DEL,DEL1081,16/10/2025,10,PLY-315,5,9.33,16.63,18.29,15.8,16.63,Plywood,83.15
DEL,DEL1081,16/10/2025,20,CEM-683,2,20.53,36.32,39.95,34.5,36.32,Cemento,72.64
DEL,DEL1081,16/10/2025,30,CEM-318,1,30.27,43.19,47.51,41.03,43.19,Cemento,43.19
DEL,DEL1082,21/12/2025,10,ACA-602,4,22.53,38.81,42.69,36.87,38.81,Acabados,155.24
DEL,DEL1082,21/12/2025,20,PLY-658,3,18.92,32.55,35.8,30.92,32.55,Plywood,97.65
DEL,DEL1083,14/03/2025,10,CEM-950,4,23.54,43.49,47.84,41.32,43.49,Cemento,173.96
DEL,DEL1083,14/03/2025,20,TUB-941,4,31.07,54.45,59.9,51.73,54.45,Tuberías,217.8
DEL,DEL1083,14/03/2025,30,PLY-872,5,23.93,41.1,45.21,39.05,41.1,Plywood,205.5
DEL,DEL1084,14/09/2025,10,PLY-612,1,16.51,22.81,25.09,21.67,22.81,Plywood,22.81
DEL,DEL1084,14/09/2025,20,CEM-346,5,23.6,37.83,41.61,35.94,37.83,Cemento,189.15
DEL,DEL1084,14/09/2025,30,CEM-616,2,13.69,22.42,24.66,21.3,22.42,Cemento,44.84
DEL,DEL1084,14/09/2025,40,PLY-672,5,6.81,10.29,11.32,9.78,10.29,Plywood,51.45
DEL,DEL1085,18/05/2025,10,PIN-255,1,30.28,47.95,52.75,45.55,47.95,Pinturas,47.95
DEL,DEL1085,18/05/2025,20,CEM-560,4,20.65,35.37,38.91,33.6,35.37,Cemento,141.48
DEL,DEL1085,18/05/2025,30,FER-417,4,10.52,13.91,15.3,13.21,13.91,Ferretería,55.64
DEL,DEL1085,18/05/2025,40,HER-764,1,21.34,36.71,40.38,34.87,36.71,Herramientas,36.71
DEL,DEL1086,17/03/2026,10,PIN-836,4,30.82,41.54,45.69,39.46,41.54,Pinturas,166.16
DEL,DEL1086,17/03/2026,20,ACA-860,4,38.87,57.65,63.42,54.77,57.65,Acabados,230.6
DEL,DEL1086,17/03/2026,30,CEM-537,1,7.06,9.24,10.16,8.78,9.24,Cemento,9.24
DEL,DEL1087,23/03/2025,10,CEM-839,5,23.43,39.82,43.8,37.83,39.82,Cemento,199.1
DEL,DEL1087,23/03/2025,20,PLY-636,4,33.7,56.28,61.91,53.47,56.28,Plywood,225.12
DEL,DEL1088,23/04/2025,10,PIN-937,1,16.54,23.4,25.74,22.23,23.4,Pinturas,23.4
DEL,DEL1088,23/04/2025,20,PLY-462,4,6.9,10.19,11.21,9.68,10.19,Plywood,40.76
DEL,DEL1088,23/04/2025,30,PLY-214,2,12.54,17.21,18.93,16.35,17.21,Plywood,34.42
DEL,DEL1088,23/04/2025,40,FER-125,1,12.45,19.4,21.34,18.43,19.4,Ferretería,19.4
DEL,DEL1089,30/01/2025,10,TUB-273,1,10.85,16.86,18.55,16.02,16.86,Tuberías,16.86
DEL,DEL1090,29/10/2025,10,HER-965,5,16.52,31.03,34.13,29.48,31.03,Herramientas,155.15
DEL,DEL1090,29/10/2025,20,ELÉ-754,5,39.14,71.55,78.7,67.97,71.55,Eléctrico,357.75
DEL,DEL1091,15/10/2025,10,TUB-875,2,22.96,35.13,38.64,33.37,35.13,Tuberías,70.26
DEL,DEL1091,15/10/2025,20,PLY-755,1,37.56,68.21,75.03,64.8,68.21,Plywood,68.21
DEL,DEL1092,03/06/2025,10,CEM-675,5,11.7,17.98,19.78,17.08,17.98,Cemento,89.9
DEL,DEL1092,03/06/2025,20,CEM-873,5,6.49,9.31,10.24,8.84,9.31,Cemento,46.55
DEL,DEL1093,11/08/2025,10,TUB-429,4,5.51,7.55,8.3,7.17,7.55,Tuberías,30.2
DEL,DEL1093,11/08/2025,20,TUB-175,3,24.64,38.88,42.77,36.94,38.88,Tuberías,116.64
DEL,DEL1094,02/03/2025,10,PLY-350,2,22.39,31.45,34.59,29.88,31.45,Plywood,62.9
DEL,DEL1095,05/07/2025,10,TUB-719,3,39.27,69.52,76.47,66.04,69.52,Tuberías,208.56
DEL,DEL1095,05/07/2025,20,PIN-977,3,34.69,48.13,52.94,45.72,48.13,Pinturas,144.39
DEL,DEL1095,05/07/2025,30,PIN-401,5,16.98,24.97,27.47,23.72,24.97,Pinturas,124.85
DEL,DEL1095,05/07/2025,40,CEM-386,2,15.34,20.33,22.36,19.31,20.33,Cemento,40.66
DEL,DEL1096,28/11/2025,10,TUB-895,2,37.65,69.85,76.83,66.36,69.85,Tuberías,139.7
DEL,DEL1096,28/11/2025,20,CEM-531,3,14.27,20.18,22.2,19.17,20.18,Cemento,60.54
DEL,DEL1097,25/05/2026,10,ELÉ-644,5,16.25,25.09,27.6,23.84,25.09,Eléctrico,125.45
DEL,DEL1097,25/05/2026,20,CEM-114,1,36.76,65.8,72.38,62.51,65.8,Cemento,65.8
DEL,DEL1098,11/12/2025,10,PLY-935,4,14.51,21.35,23.49,20.28,21.35,Plywood,85.4
DEL,DEL1098,11/12/2025,20,PLY-299,3,20.54,28.66,31.53,27.23,28.66,Plywood,85.98
DEL,DEL1099,26/01/2026,10,ELÉ-929,2,27.31,41.36,45.5,39.29,41.36,Eléctrico,82.72
DEL,DEL1099,26/01/2026,20,ELÉ-493,5,29.96,55.56,61.12,52.78,55.56,Eléctrico,277.8
DEL,DEL1099,26/01/2026,30,CEM-908,4,19.91,33.92,37.31,32.22,33.92,Cemento,135.68
DEL,DEL1099,26/01/2026,40,PLY-132,5,25.63,47.39,52.13,45.02,47.39,Plywood,236.95
DEL,DEL1100,19/01/2025,10,PLY-653,1,7.7,14.06,15.47,13.36,14.06,Plywood,14.06
DEL,DEL1101,04/09/2025,10,PLY-634,3,25.68,36.46,40.11,34.64,36.46,Plywood,109.38
DEL,DEL1101,04/09/2025,20,PLY-702,5,21.53,29.42,32.36,27.95,29.42,Plywood,147.1
DEL,DEL1102,25/05/2025,10,PLY-216,1,36.18,64.06,70.47,60.86,64.06,Plywood,64.06
DEL,DEL1102,25/05/2025,20,CEM-560,3,11.1,18.27,20.1,17.36,18.27,Cemento,54.81
DEL,DEL1103,26/04/2025,10,CEM-458,4,40.0,60.23,66.25,57.22,60.23,Cemento,240.92
DEL,DEL1103,26/04/2025,20,PLY-196,3,31.76,52.87,58.16,50.23,52.87,Plywood,158.61
DEL,DEL1103,26/04/2025,30,CEM-371,3,6.01,8.69,9.56,8.26,8.69,Cemento,26.07
DEL,DEL1104,06/03/2025,10,PLY-321,2,6.91,9.63,10.59,9.15,9.63,Plywood,19.26
DEL,DEL1105,31/12/2025,10,PLY-837,1,11.39,17.11,18.82,16.25,17.11,Plywood,17.11
DEL,DEL1105,31/12/2025,20,CEM-832,1,27.46,35.9,39.49,34.1,35.9,Cemento,35.9
DEL,DEL1106,13/03/2025,10,SEG-180,4,8.08,13.31,14.64,12.64,13.31,Seguridad,53.24
DEL,DEL1106,13/03/2025,20,TUB-336,3,23.32,39.75,43.73,37.76,39.75,Tuberías,119.25
DEL,DEL1106,13/03/2025,30,PLY-379,1,17.4,29.44,32.38,27.97,29.44,Plywood,29.44
DEL,DEL1107,13/10/2025,10,CEM-568,2,23.02,30.29,33.32,28.78,30.29,Cemento,60.58
DEL,DEL1108,29/05/2026,10,CEM-876,4,22.98,42.77,47.05,40.63,42.77,Cemento,171.08
DEL,DEL1108,29/05/2026,20,PLY-604,2,37.51,70.19,77.21,66.68,70.19,Plywood,140.38
DEL,DEL1109,21/01/2026,10,ELÉ-607,2,36.94,55.74,61.31,52.95,55.74,Eléctrico,111.48
DEL,DEL1109,21/01/2026,20,PLY-384,1,32.1,54.28,59.71,51.57,54.28,Plywood,54.28
DEL,DEL1109,21/01/2026,30,CEM-645,3,8.43,14.32,15.75,13.6,14.32,Cemento,42.96
DEL,DEL1110,03/12/2025,10,TUB-151,1,34.44,57.34,63.07,54.47,57.34,Tuberías,57.34
DEL,DEL1110,03/12/2025,20,SEG-309,2,34.69,61.8,67.98,58.71,61.8,Seguridad,123.6
DEL,DEL1110,03/12/2025,30,TUB-448,2,16.28,27.84,30.62,26.45,27.84,Tuberías,55.68
DEL,DEL1111,22/11/2025,10,CEM-403,1,22.59,34.36,37.8,32.64,34.36,Cemento,34.36
DEL,DEL1111,22/11/2025,20,PLY-151,4,33.03,59.53,65.48,56.55,59.53,Plywood,238.12
DEL,DEL1111,22/11/2025,30,PIN-349,4,36.14,56.87,62.56,54.03,56.87,Pinturas,227.48
DEL,DEL1111,22/11/2025,40,PIN-680,2,18.63,31.98,35.18,30.38,31.98,Pinturas,63.96
DEL,DEL1112,27/04/2025,10,PIN-713,4,31.28,57.71,63.48,54.82,57.71,Pinturas,230.84
DEL,DEL1112,27/04/2025,20,ELÉ-260,1,27.14,41.5,45.65,39.42,41.5,Eléctrico,41.5
DEL,DEL1112,27/04/2025,30,CEM-384,3,18.52,26.01,28.61,24.71,26.01,Cemento,78.03
DEL,DEL1113,10/12/2025,10,CEM-603,3,9.54,12.83,14.11,12.19,12.83,Cemento,38.49
DEL,DEL1113,10/12/2025,20,CEM-337,1,18.63,34.08,37.49,32.38,34.08,Cemento,34.08
DEL,DEL1113,10/12/2025,30,PIN-691,3,9.98,15.23,16.75,14.47,15.23,Pinturas,45.69
DEL,DEL1113,10/12/2025,40,PLY-187,4,20.88,39.05,42.95,37.1,39.05,Plywood,156.2
DEL,DEL1114,12/05/2025,10,CEM-357,1,14.25,25.62,28.18,24.34,25.62,Cemento,25.62
DEL,DEL1114,12/05/2025,20,PLY-565,5,24.07,33.02,36.32,31.37,33.02,Plywood,165.1
DEL,DEL1115,14/06/2026,10,SEG-714,5,5.3,9.96,10.96,9.46,9.96,Seguridad,49.8
DEL,DEL1115,14/06/2026,20,CEM-548,5,6.81,10.84,11.92,10.3,10.84,Cemento,54.2
DEL,DEL1116,13/03/2026,10,CEM-896,4,18.58,28.26,31.09,26.85,28.26,Cemento,113.04
DEL,DEL1117,27/01/2026,10,TUB-851,1,9.71,13.81,15.19,13.12,13.81,Tuberías,13.81
DEL,DEL1118,23/11/2025,10,PLY-687,4,23.37,32.2,35.42,30.59,32.2,Plywood,128.8
DEL,DEL1118,23/11/2025,20,CEM-169,2,12.87,24.31,26.74,23.09,24.31,Cemento,48.62
DEL,DEL1118,23/11/2025,30,PIN-717,4,21.27,34.97,38.47,33.22,34.97,Pinturas,139.88
DEL,DEL1118,23/11/2025,40,CEM-599,3,29.97,49.38,54.32,46.91,49.38,Cemento,148.14
DEL,DEL1119,13/12/2025,10,SEG-391,2,32.15,52.69,57.96,50.06,52.69,Seguridad,105.38
DEL,DEL1119,13/12/2025,20,PLY-968,1,24.48,40.15,44.16,38.14,40.15,Plywood,40.15
DEL,DEL1119,13/12/2025,30,PIN-862,4,34.56,52.0,57.2,49.4,52.0,Pinturas,208.0
DEL,DEL1120,06/04/2026,10,PIN-171,3,19.41,27.07,29.78,25.72,27.07,Pinturas,81.21
DEL,DEL1120,06/04/2026,20,ELÉ-573,1,10.85,18.89,20.78,17.95,18.89,Eléctrico,18.89
DEL,DEL1120,06/04/2026,30,PLY-177,2,39.12,74.3,81.73,70.58,74.3,Plywood,148.6
DEL,DEL1121,10/09/2025,10,TUB-270,5,12.38,19.98,21.98,18.98,19.98,Tuberías,99.9
DEL,DEL1122,22/03/2026,10,CEM-485,2,31.41,56.81,62.49,53.97,56.81,Cemento,113.62
DEL,DEL1123,23/11/2025,10,CEM-564,2,7.93,12.0,13.2,11.4,12.0,Cemento,24.0
DEL,DEL1124,10/02/2025,10,ELÉ-940,3,14.4,22.76,25.04,21.62,22.76,Eléctrico,68.28
DEL,DEL1124,10/02/2025,20,CEM-323,1,37.04,66.49,73.14,63.17,66.49,Cemento,66.49
DEL,DEL1124,10/02/2025,30,PIN-754,1,36.54,64.57,71.03,61.34,64.57,Pinturas,64.57
DEL,DEL1125,27/04/2026,10,FER-159,5,31.53,45.17,49.69,42.91,45.17,Ferretería,225.85
DEL,DEL1125,27/04/2026,20,PIN-604,3,16.08,22.67,24.94,21.54,22.67,Pinturas,68.01
DEL,DEL1125,27/04/2026,30,PLY-186,1,24.14,34.03,37.43,32.33,34.03,Plywood,34.03
DEL,DEL1126,14/11/2025,10,CEM-215,4,37.79,58.45,64.3,55.53,58.45,Cemento,233.8
DEL,DEL1127,12/06/2026,10,TUB-486,1,5.79,9.81,10.79,9.32,9.81,Tuberías,9.81
DEL,DEL1127,12/06/2026,20,PLY-428,3,18.55,35.21,38.73,33.45,35.21,Plywood,105.63
DEL,DEL1127,12/06/2026,30,CEM-398,3,27.68,38.84,42.72,36.9,38.84,Cemento,116.52
DEL,DEL1128,08/09/2025,10,PLY-866,1,36.84,64.35,70.78,61.13,64.35,Plywood,64.35
DEL,DEL1128,08/09/2025,20,CEM-386,3,5.44,8.86,9.75,8.42,8.86,Cemento,26.58
DEL,DEL1128,08/09/2025,30,TUB-442,1,18.43,28.98,31.88,27.53,28.98,Tuberías,28.98
DEL,DEL1128,08/09/2025,40,TUB-628,1,15.03,19.85,21.84,18.86,19.85,Tuberías,19.85
DEL,DEL1129,13/05/2026,10,PIN-668,4,29.84,50.98,56.08,48.43,50.98,Pinturas,203.92
DEL,DEL1129,13/05/2026,20,CEM-153,5,39.49,58.32,64.15,55.4,58.32,Cemento,291.6
DEL,DEL1129,13/05/2026,30,CEM-968,5,23.36,38.85,42.74,36.91,38.85,Cemento,194.25
DEL,DEL1129,13/05/2026,40,PIN-230,1,37.83,60.02,66.02,57.02,60.02,Pinturas,60.02
DEL,DEL1130,08/01/2025,10,TUB-705,3,27.75,50.63,55.69,48.1,50.63,Tuberías,151.89
DEL,DEL1130,08/01/2025,20,PLY-847,3,31.32,51.79,56.97,49.2,51.79,Plywood,155.37
DEL,DEL1130,08/01/2025,30,PLY-641,4,29.83,49.77,54.75,47.28,49.77,Plywood,199.08
DEL,DEL1130,08/01/2025,40,PLY-473,3,19.62,28.43,31.27,27.01,28.43,Plywood,85.29
DEL,DEL1131,13/09/2025,10,PLY-367,3,23.47,40.34,44.37,38.32,40.34,Plywood,121.02
DEL,DEL1131,13/09/2025,20,ACE-705,5,5.65,9.15,10.07,8.69,9.15,Acero,45.75
DEL,DEL1131,13/09/2025,30,PLY-928,2,33.69,48.59,53.45,46.16,48.59,Plywood,97.18
DEL,DEL1131,13/09/2025,40,CEM-413,4,24.79,41.8,45.98,39.71,41.8,Cemento,167.2
DEL,DEL1132,30/05/2025,10,PIN-838,4,39.68,57.84,63.62,54.95,57.84,Pinturas,231.36
DEL,DEL1132,30/05/2025,20,CEM-921,2,31.76,59.48,65.43,56.51,59.48,Cemento,118.96
DEL,DEL1132,30/05/2025,30,PLY-787,4,21.14,36.12,39.73,34.31,36.12,Plywood,144.48
DEL,DEL1133,28/09/2025,10,TUB-448,3,7.36,12.2,13.42,11.59,12.2,Tuberías,36.6
DEL,DEL1133,28/09/2025,20,CEM-373,1,15.01,24.28,26.71,23.07,24.28,Cemento,24.28
DEL,DEL1133,28/09/2025,30,ACA-982,4,32.01,60.15,66.17,57.14,60.15,Acabados,240.6
DEL,DEL1134,29/07/2025,10,PLY-861,1,21.35,34.3,37.73,32.58,34.3,Plywood,34.3
DEL,DEL1135,03/02/2025,10,CEM-840,4,28.32,37.84,41.62,35.95,37.84,Cemento,151.36
DEL,DEL1135,03/02/2025,20,CEM-651,4,10.32,15.58,17.14,14.8,15.58,Cemento,62.32
DEL,DEL1135,03/02/2025,30,CEM-559,2,17.2,29.48,32.43,28.01,29.48,Cemento,58.96
DEL,DEL1136,12/03/2026,10,CEM-340,2,39.4,60.67,66.74,57.64,60.67,Cemento,121.34
DEL,DEL1137,20/10/2025,10,PLY-615,4,24.54,43.13,47.44,40.97,43.13,Plywood,172.52
DEL,DEL1137,20/10/2025,20,TUB-882,1,13.77,25.56,28.12,24.28,25.56,Tuberías,25.56
DEL,DEL1137,20/10/2025,30,TUB-497,1,28.34,38.59,42.45,36.66,38.59,Tuberías,38.59
DEL,DEL1137,20/10/2025,40,CEM-621,2,25.54,47.33,52.06,44.96,47.33,Cemento,94.66
DEL,DEL1138,19/03/2025,10,PLY-509,4,12.41,21.12,23.23,20.06,21.12,Plywood,84.48
DEL,DEL1139,10/05/2025,10,PLY-345,2,34.01,46.08,50.69,43.78,46.08,Plywood,92.16
DEL,DEL1139,10/05/2025,20,PLY-205,5,14.48,24.6,27.06,23.37,24.6,Plywood,123.0
DEL,DEL1139,10/05/2025,30,CEM-625,2,34.88,57.16,62.88,54.3,57.16,Cemento,114.32
DEL,DEL1140,04/03/2025,10,CEM-845,2,38.51,70.61,77.67,67.08,70.61,Cemento,141.22
DEL,DEL1140,04/03/2025,20,PLY-320,5,32.56,50.06,55.07,47.56,50.06,Plywood,250.3
DEL,DEL1140,04/03/2025,30,PLY-513,1,26.76,42.46,46.71,40.34,42.46,Plywood,42.46
DEL,DEL1140,04/03/2025,40,CEM-764,1,15.7,20.83,22.91,19.79,20.83,Cemento,20.83
DEL,DEL1141,21/05/2026,10,ACA-347,3,5.81,10.63,11.69,10.1,10.63,Acabados,31.89
DEL,DEL1142,17/05/2026,10,PLY-359,1,21.9,31.36,34.5,29.79,31.36,Plywood,31.36
DEL,DEL1142,17/05/2026,20,TUB-106,3,34.35,56.66,62.33,53.83,56.66,Tuberías,169.98
DEL,DEL1142,17/05/2026,30,CEM-376,4,8.92,13.94,15.33,13.24,13.94,Cemento,55.76
DEL,DEL1143,26/09/2025,10,HER-155,2,30.67,54.92,60.41,52.17,54.92,Herramientas,109.84
DEL,DEL1143,26/09/2025,20,ELÉ-919,3,14.18,25.05,27.56,23.8,25.05,Eléctrico,75.15
DEL,DEL1143,26/09/2025,30,ACE-421,3,22.6,36.55,40.2,34.72,36.55,Acero,109.65
DEL,DEL1143,26/09/2025,40,PLY-907,4,34.93,58.31,64.14,55.39,58.31,Plywood,233.24
DEL,DEL1144,09/03/2025,10,CEM-491,3,25.54,34.26,37.69,32.55,34.26,Cemento,102.78
DEL,DEL1144,09/03/2025,20,ACE-514,4,23.56,32.51,35.76,30.88,32.51,Acero,130.04
DEL,DEL1144,09/03/2025,30,PLY-405,1,32.52,59.4,65.34,56.43,59.4,Plywood,59.4
DEL,DEL1144,09/03/2025,40,PLY-203,4,21.87,31.41,34.55,29.84,31.41,Plywood,125.64
DEL,DEL1145,19/05/2025,10,CEM-402,5,28.27,50.25,55.28,47.74,50.25,Cemento,251.25
DEL,DEL1145,19/05/2025,20,ACE-303,2,31.9,55.72,61.29,52.93,55.72,Acero,111.44
DEL,DEL1145,19/05/2025,30,SEG-697,4,28.48,38.38,42.22,36.46,38.38,Seguridad,153.52
DEL,DEL1146,04/01/2026,10,CEM-948,5,37.9,60.54,66.59,57.51,60.54,Cemento,302.7
DEL,DEL1146,04/01/2026,20,CEM-488,5,16.81,27.46,30.21,26.09,27.46,Cemento,137.3
DEL,DEL1147,08/02/2025,10,PLY-607,3,38.89,68.1,74.91,64.69,68.1,Plywood,204.3
DEL,DEL1148,10/12/2025,10,FER-774,1,11.61,20.39,22.43,19.37,20.39,Ferretería,20.39
DEL,DEL1148,10/12/2025,20,TUB-880,1,11.69,19.93,21.92,18.93,19.93,Tuberías,19.93
DEL,DEL1149,25/02/2026,10,PLY-401,1,18.16,28.32,31.15,26.9,28.32,Plywood,28.32
DEL,DEL1149,25/02/2026,20,CEM-297,3,19.29,34.37,37.81,32.65,34.37,Cemento,103.11
DEL,DEL1149,25/02/2026,30,CEM-492,2,6.12,11.51,12.66,10.93,11.51,Cemento,23.02
DEL,DEL1149,25/02/2026,40,CEM-642,3,36.98,53.7,59.07,51.02,53.7,Cemento,161.1
DEL,DEL1150,24/11/2025,10,TUB-590,4,24.73,37.01,40.71,35.16,37.01,Tuberías,148.04
DEL,DEL1150,24/11/2025,20,CEM-188,1,39.74,65.2,71.72,61.94,65.2,Cemento,65.2
DEL,DEL1150,24/11/2025,30,PLY-351,3,5.34,7.63,8.39,7.25,7.63,Plywood,22.89
DEL,DEL1151,25/03/2025,10,TUB-179,4,31.57,47.46,52.21,45.09,47.46,Tuberías,189.84
DEL,DEL1151,25/03/2025,20,PLY-279,5,33.11,49.47,54.42,47.0,49.47,Plywood,247.35
DEL,DEL1151,25/03/2025,30,PLY-597,4,30.29,52.31,57.54,49.69,52.31,Plywood,209.24
DEL,DEL1152,02/06/2026,10,ACA-916,5,10.77,14.36,15.8,13.64,14.36,Acabados,71.8
DEL,DEL1152,02/06/2026,20,TUB-527,5,9.48,13.76,15.14,13.07,13.76,Tuberías,68.8
DEL,DEL1152,02/06/2026,30,PLY-238,4,30.81,52.35,57.59,49.73,52.35,Plywood,209.4
DEL,DEL1153,02/06/2025,10,PLY-337,5,12.47,17.49,19.24,16.62,17.49,Plywood,87.45
DEL,DEL1153,02/06/2025,20,ELÉ-546,4,17.01,31.61,34.77,30.03,31.61,Eléctrico,126.44
DEL,DEL1153,02/06/2025,30,HER-366,2,22.85,33.58,36.94,31.9,33.58,Herramientas,67.16
DEL,DEL1153,02/06/2025,40,CEM-238,2,25.67,42.76,47.04,40.62,42.76,Cemento,85.52
DEL,DEL1154,19/06/2025,10,CEM-590,2,22.25,34.49,37.94,32.77,34.49,Cemento,68.98
DEL,DEL1154,19/06/2025,20,PLY-615,5,23.69,44.27,48.7,42.06,44.27,Plywood,221.35
DEL,DEL1154,19/06/2025,30,TUB-855,4,15.05,20.45,22.5,19.43,20.45,Tuberías,81.8
DEL,DEL1155,27/02/2026,10,CEM-270,2,22.4,34.91,38.4,33.16,34.91,Cemento,69.82
DEL,DEL1155,27/02/2026,20,ACE-560,2,10.73,20.32,22.35,19.3,20.32,Acero,40.64
DEL,DEL1155,27/02/2026,30,TUB-150,1,13.07,17.32,19.05,16.45,17.32,Tuberías,17.32
DEL,DEL1156,20/09/2025,10,CEM-300,3,12.73,21.07,23.18,20.02,21.07,Cemento,63.21
DEL,DEL1156,20/09/2025,20,PLY-708,5,29.14,55.18,60.7,52.42,55.18,Plywood,275.9
DEL,DEL1156,20/09/2025,30,CEM-401,5,32.52,60.58,66.64,57.55,60.58,Cemento,302.9
DEL,DEL1156,20/09/2025,40,CEM-409,3,36.72,69.44,76.38,65.97,69.44,Cemento,208.32
DEL,DEL1157,17/06/2025,10,ELÉ-373,1,34.16,62.38,68.62,59.26,62.38,Eléctrico,62.38
DEL,DEL1157,17/06/2025,20,PLY-681,4,29.51,43.14,47.45,40.98,43.14,Plywood,172.56
DEL,DEL1158,24/05/2026,10,FER-385,5,39.15,63.71,70.08,60.52,63.71,Ferretería,318.55
DEL,DEL1159,20/02/2026,10,PLY-603,4,21.23,37.17,40.89,35.31,37.17,Plywood,148.68
DEL,DEL1159,20/02/2026,20,PIN-778,3,28.02,39.34,43.27,37.37,39.34,Pinturas,118.02
DEL,DEL1159,20/02/2026,30,PLY-743,3,20.85,34.21,37.63,32.5,34.21,Plywood,102.63
DEL,DEL1160,11/06/2025,10,CEM-321,3,34.59,60.6,66.66,57.57,60.6,Cemento,181.8
DEL,DEL1160,11/06/2025,20,PIN-987,1,30.51,51.3,56.43,48.73,51.3,Pinturas,51.3
DEL,DEL1160,11/06/2025,30,PIN-840,3,25.51,39.94,43.93,37.94,39.94,Pinturas,119.82
DEL,DEL1160,11/06/2025,40,PLY-915,2,18.57,30.59,33.65,29.06,30.59,Plywood,61.18
DEL,DEL1161,22/09/2025,10,PLY-581,2,16.89,23.17,25.49,22.01,23.17,Plywood,46.34
DEL,DEL1161,22/09/2025,20,PIN-756,4,15.71,25.93,28.52,24.63,25.93,Pinturas,103.72
DEL,DEL1162,20/12/2025,10,PLY-568,3,15.66,28.61,31.47,27.18,28.61,Plywood,85.83
DEL,DEL1162,20/12/2025,20,PLY-858,2,38.09,52.0,57.2,49.4,52.0,Plywood,104.0
DEL,DEL1162,20/12/2025,30,PLY-354,4,20.83,30.97,34.07,29.42,30.97,Plywood,123.88
DEL,DEL1163,22/11/2025,10,PIN-254,5,29.74,39.11,43.02,37.15,39.11,Pinturas,195.55
DEL,DEL1163,22/11/2025,20,PLY-662,1,35.82,64.18,70.6,60.97,64.18,Plywood,64.18
DEL,DEL1163,22/11/2025,30,CEM-591,3,28.34,50.03,55.03,47.53,50.03,Cemento,150.09
DEL,DEL1163,22/11/2025,40,PLY-906,1,31.41,50.6,55.66,48.07,50.6,Plywood,50.6
DEL,DEL1164,12/02/2025,10,PLY-858,5,20.07,36.02,39.62,34.22,36.02,Plywood,180.1
DEL,DEL1164,12/02/2025,20,CEM-437,4,39.18,70.52,77.57,66.99,70.52,Cemento,282.08
DEL,DEL1164,12/02/2025,30,ACA-454,5,39.05,62.18,68.4,59.07,62.18,Acabados,310.9
DEL,DEL1164,12/02/2025,40,CEM-389,5,8.56,14.69,16.16,13.96,14.69,Cemento,73.45
DEL,DEL1165,19/06/2025,10,TUB-441,4,15.76,23.12,25.43,21.96,23.12,Tuberías,92.48
DEL,DEL1165,19/06/2025,20,PIN-805,3,19.86,36.06,39.67,34.26,36.06,Pinturas,108.18
DEL,DEL1165,19/06/2025,30,CEM-477,4,31.85,42.49,46.74,40.37,42.49,Cemento,169.96
DEL,DEL1166,26/11/2025,10,TUB-291,2,36.6,59.94,65.93,56.94,59.94,Tuberías,119.88
DEL,DEL1166,26/11/2025,20,ACE-179,5,10.37,15.57,17.13,14.79,15.57,Acero,77.85
DEL,DEL1166,26/11/2025,30,PLY-637,1,15.39,20.81,22.89,19.77,20.81,Plywood,20.81
DEL,DEL1166,26/11/2025,40,PLY-440,2,33.75,48.42,53.26,46.0,48.42,Plywood,96.84
DEL,DEL1167,13/03/2025,10,ACE-145,4,37.15,49.08,53.99,46.63,49.08,Acero,196.32
DEL,DEL1167,13/03/2025,20,ACA-722,1,14.97,23.8,26.18,22.61,23.8,Acabados,23.8
DEL,DEL1167,13/03/2025,30,TUB-795,5,30.64,51.36,56.5,48.79,51.36,Tuberías,256.8
DEL,DEL1168,04/05/2026,10,TUB-811,4,36.8,58.65,64.52,55.72,58.65,Tuberías,234.6
DEL,DEL1168,04/05/2026,20,ACA-105,3,10.39,16.22,17.84,15.41,16.22,Acabados,48.66
DEL,DEL1168,04/05/2026,30,FER-566,5,31.55,54.32,59.75,51.6,54.32,Ferretería,271.6
DEL,DEL1169,21/03/2026,10,PIN-416,4,36.19,57.47,63.22,54.6,57.47,Pinturas,229.88
DEL,DEL1169,21/03/2026,20,SEG-245,4,29.09,53.51,58.86,50.83,53.51,Seguridad,214.04
DEL,DEL1169,21/03/2026,30,CEM-919,1,36.82,57.12,62.83,54.26,57.12,Cemento,57.12
DEL,DEL1169,21/03/2026,40,PLY-463,1,16.43,27.37,30.11,26.0,27.37,Plywood,27.37
DEL,DEL1170,12/07/2025,10,CEM-349,3,29.0,52.14,57.35,49.53,52.14,Cemento,156.42
DEL,DEL1170,12/07/2025,20,PIN-625,4,23.36,43.89,48.28,41.7,43.89,Pinturas,175.56
DEL,DEL1171,30/10/2025,10,TUB-673,3,9.65,13.87,15.26,13.18,13.87,Tuberías,41.61
DEL,DEL1171,30/10/2025,20,ACA-102,4,9.12,13.65,15.02,12.97,13.65,Acabados,54.6
DEL,DEL1171,30/10/2025,30,CEM-949,1,9.11,14.38,15.82,13.66,14.38,Cemento,14.38
DEL,DEL1171,30/10/2025,40,CEM-284,5,31.73,55.69,61.26,52.91,55.69,Cemento,278.45
DEL,DEL1172,03/05/2026,10,PLY-121,1,7.24,10.02,11.02,9.52,10.02,Plywood,10.02
DEL,DEL1173,25/10/2025,10,ELÉ-387,4,24.79,37.61,41.37,35.73,37.61,Eléctrico,150.44
DEL,DEL1174,12/02/2026,10,CEM-382,1,28.61,49.43,54.37,46.96,49.43,Cemento,49.43
DEL,DEL1174,12/02/2026,20,PLY-236,2,8.28,13.81,15.19,13.12,13.81,Plywood,27.62
DEL,DEL1174,12/02/2026,30,PIN-370,5,33.6,59.31,65.24,56.34,59.31,Pinturas,296.55
DEL,DEL1175,03/10/2025,10,CEM-360,5,27.33,38.15,41.97,36.24,38.15,Cemento,190.75
DEL,DEL1176,18/02/2025,10,CEM-855,4,6.11,10.34,11.37,9.82,10.34,Cemento,41.36
DEL,DEL1177,06/02/2026,10,CEM-533,5,31.77,41.34,45.47,39.27,41.34,Cemento,206.7
DEL,DEL1177,06/02/2026,20,PIN-801,4,28.49,48.51,53.36,46.08,48.51,Pinturas,194.04
DEL,DEL1177,06/02/2026,30,PIN-352,1,36.52,52.29,57.52,49.68,52.29,Pinturas,52.29
DEL,DEL1177,06/02/2026,40,TUB-133,3,22.17,29.4,32.34,27.93,29.4,Tuberías,88.2
DEL,DEL1178,02/09/2025,10,PLY-366,4,25.41,42.33,46.56,40.21,42.33,Plywood,169.32
DEL,DEL1178,02/09/2025,20,PLY-191,5,26.08,45.42,49.96,43.15,45.42,Plywood,227.1
DEL,DEL1179,15/07/2025,10,PLY-822,3,24.39,33.06,36.37,31.41,33.06,Plywood,99.18
DEL,DEL1180,06/09/2025,10,PLY-478,2,20.77,29.82,32.8,28.33,29.82,Plywood,59.64
DEL,DEL1180,06/09/2025,20,PLY-817,3,11.87,20.06,22.07,19.06,20.06,Plywood,60.18
DEL,DEL1180,06/09/2025,30,PLY-959,5,30.95,53.52,58.87,50.84,53.52,Plywood,267.6
DEL,DEL1180,06/09/2025,40,CEM-501,2,6.3,10.13,11.14,9.62,10.13,Cemento,20.26
DEL,DEL1181,07/08/2025,10,PLY-460,5,19.61,30.18,33.2,28.67,30.18,Plywood,150.9
DEL,DEL1182,19/05/2025,10,TUB-632,5,9.43,17.41,19.15,16.54,17.41,Tuberías,87.05
DEL,DEL1183,06/07/2025,10,CEM-764,3,23.44,43.02,47.32,40.87,43.02,Cemento,129.06
DEL,DEL1183,06/07/2025,20,PLY-969,1,7.19,11.28,12.41,10.72,11.28,Plywood,11.28
DEL,DEL1183,06/07/2025,30,ACE-492,4,31.21,41.69,45.86,39.61,41.69,Acero,166.76
DEL,DEL1183,06/07/2025,40,HER-289,5,10.29,14.01,15.41,13.31,14.01,Herramientas,70.05
DEL,DEL1184,11/01/2026,10,TUB-193,5,33.14,45.56,50.12,43.28,45.56,Tuberías,227.8
DEL,DEL1184,11/01/2026,20,FER-734,2,16.68,23.84,26.22,22.65,23.84,Ferretería,47.68
DEL,DEL1184,11/01/2026,30,PLY-249,5,14.47,18.83,20.71,17.89,18.83,Plywood,94.15
DEL,DEL1184,11/01/2026,40,TUB-915,4,37.24,59.21,65.13,56.25,59.21,Tuberías,236.84
DEL,DEL1185,24/02/2026,10,PLY-887,2,34.74,49.24,54.16,46.78,49.24,Plywood,98.48
DEL,DEL1185,24/02/2026,20,PLY-129,1,31.33,41.62,45.78,39.54,41.62,Plywood,41.62
DEL,DEL1186,04/04/2025,10,CEM-289,3,6.67,10.7,11.77,10.16,10.7,Cemento,32.1
DEL,DEL1186,04/04/2025,20,PLY-978,4,35.88,55.58,61.14,52.8,55.58,Plywood,222.32
DEL,DEL1187,22/10/2025,10,PLY-259,5,31.21,48.12,52.93,45.71,48.12,Plywood,240.6
DEL,DEL1187,22/10/2025,20,SEG-909,3,20.68,35.95,39.55,34.15,35.95,Seguridad,107.85
DEL,DEL1187,22/10/2025,30,PLY-885,1,22.26,36.0,39.6,34.2,36.0,Plywood,36.0
DEL,DEL1188,13/05/2025,10,TUB-720,1,12.22,17.12,18.83,16.26,17.12,Tuberías,17.12
DEL,DEL1188,13/05/2025,20,ELÉ-834,2,37.6,58.5,64.35,55.57,58.5,Eléctrico,117.0
DEL,DEL1188,13/05/2025,30,PLY-230,3,39.28,58.25,64.08,55.34,58.25,Plywood,174.75
DEL,DEL1188,13/05/2025,40,PLY-391,3,12.56,22.43,24.67,21.31,22.43,Plywood,67.29
DEL,DEL1189,29/12/2025,10,PLY-218,1,26.66,46.19,50.81,43.88,46.19,Plywood,46.19
DEL,DEL1189,29/12/2025,20,CEM-264,5,27.18,48.6,53.46,46.17,48.6,Cemento,243.0
DEL,DEL1189,29/12/2025,30,FER-800,2,7.89,11.42,12.56,10.85,11.42,Ferretería,22.84
DEL,DEL1189,29/12/2025,40,PLY-795,1,13.42,19.12,21.03,18.16,19.12,Plywood,19.12
DEL,DEL1190,10/01/2026,10,PLY-235,3,34.59,65.23,71.75,61.97,65.23,Plywood,195.69
DEL,DEL1190,10/01/2026,20,CEM-369,1,34.31,52.7,57.97,50.06,52.7,Cemento,52.7
DEL,DEL1190,10/01/2026,30,PLY-254,3,15.05,21.81,23.99,20.72,21.81,Plywood,65.43
DEL,DEL1191,03/06/2025,10,ACE-320,3,24.83,45.53,50.08,43.25,45.53,Acero,136.59
DEL,DEL1191,03/06/2025,20,TUB-311,2,15.58,21.59,23.75,20.51,21.59,Tuberías,43.18
DEL,DEL1192,11/12/2025,10,PLY-804,4,25.37,40.21,44.23,38.2,40.21,Plywood,160.84
DEL,DEL1192,11/12/2025,20,TUB-405,4,7.79,11.83,13.01,11.24,11.83,Tuberías,47.32
DEL,DEL1193,17/08/2025,10,PLY-952,4,11.54,15.58,17.14,14.8,15.58,Plywood,62.32
DEL,DEL1194,14/01/2026,10,TUB-445,4,25.89,39.93,43.92,37.93,39.93,Tuberías,159.72
DEL,DEL1195,14/03/2026,10,SEG-286,3,10.12,13.49,14.84,12.82,13.49,Seguridad,40.47
DEL,DEL1195,14/03/2026,20,TUB-308,1,19.26,31.42,34.56,29.85,31.42,Tuberías,31.42
DEL,DEL1195,14/03/2026,30,PLY-696,5,6.35,11.28,12.41,10.72,11.28,Plywood,56.4
DEL,DEL1195,14/03/2026,40,PIN-568,2,21.72,39.86,43.85,37.87,39.86,Pinturas,79.72
DEL,DEL1196,05/02/2025,10,FER-113,2,17.34,27.15,29.87,25.79,27.15,Ferretería,54.3
DEL,DEL1196,05/02/2025,20,TUB-436,1,27.74,51.06,56.17,48.51,51.06,Tuberías,51.06
DEL,DEL1197,10/06/2026,10,PLY-692,4,29.74,55.77,61.35,52.98,55.77,Plywood,223.08
DEL,DEL1197,10/06/2026,20,PLY-991,1,30.5,45.14,49.65,42.88,45.14,Plywood,45.14
DEL,DEL1198,19/01/2025,10,ACE-397,5,39.25,62.7,68.97,59.56,62.7,Acero,313.5
DEL,DEL1198,19/01/2025,20,TUB-439,1,12.39,23.21,25.53,22.05,23.21,Tuberías,23.21
DEL,DEL1198,19/01/2025,30,PLY-495,5,20.15,30.32,33.35,28.8,30.32,Plywood,151.6
DEL,DEL1199,02/01/2026,10,TUB-226,3,38.97,71.45,78.6,67.88,71.45,Tuberías,214.35
DEL,DEL1199,02/01/2026,20,HER-122,2,5.96,8.9,9.79,8.46,8.9,Herramientas,17.8
PAL,PAL1000,25/04/2025,10,PLY-718,4,21.15,31.55,34.71,29.97,31.55,Plywood,126.2
PAL,PAL1001,24/02/2025,10,PIN-832,5,21.61,28.37,31.21,26.95,28.37,Pinturas,141.85
PAL,PAL1001,24/02/2025,20,CEM-403,5,29.33,38.19,42.01,36.28,38.19,Cemento,190.95
PAL,PAL1001,24/02/2025,30,SEG-800,4,27.31,46.34,50.97,44.02,46.34,Seguridad,185.36
PAL,PAL1001,24/02/2025,40,PIN-202,5,7.28,12.43,13.67,11.81,12.43,Pinturas,62.15
PAL,PAL1002,07/03/2025,10,CEM-862,4,32.35,42.44,46.68,40.32,42.44,Cemento,169.76
PAL,PAL1002,07/03/2025,20,PLY-654,5,28.9,53.07,58.38,50.42,53.07,Plywood,265.35
PAL,PAL1002,07/03/2025,30,PIN-151,5,37.65,53.21,58.53,50.55,53.21,Pinturas,266.05
PAL,PAL1003,22/10/2025,10,TUB-335,2,33.28,51.45,56.6,48.88,51.45,Tuberías,102.9
PAL,PAL1003,22/10/2025,20,TUB-590,1,15.8,23.87,26.26,22.68,23.87,Tuberías,23.87
PAL,PAL1004,06/07/2025,10,TUB-746,2,24.38,44.44,48.88,42.22,44.44,Tuberías,88.88
PAL,PAL1005,07/05/2026,10,CEM-938,4,20.69,31.35,34.49,29.78,31.35,Cemento,125.4
PAL,PAL1005,07/05/2026,20,PIN-481,1,15.93,28.74,31.61,27.3,28.74,Pinturas,28.74
PAL,PAL1006,01/07/2025,10,TUB-898,4,7.2,9.39,10.33,8.92,9.39,Tuberías,37.56
PAL,PAL1006,01/07/2025,20,PLY-164,4,27.92,38.71,42.58,36.77,38.71,Plywood,154.84
PAL,PAL1006,01/07/2025,30,TUB-176,3,24.64,39.03,42.93,37.08,39.03,Tuberías,117.09
PAL,PAL1007,14/01/2025,10,ACE-931,3,26.71,42.96,47.26,40.81,42.96,Acero,128.88
PAL,PAL1007,14/01/2025,20,TUB-445,1,22.01,37.68,41.45,35.8,37.68,Tuberías,37.68
PAL,PAL1008,16/02/2026,10,PLY-152,4,20.87,27.88,30.67,26.49,27.88,Plywood,111.52
PAL,PAL1008,16/02/2026,20,PLY-527,5,25.74,33.93,37.32,32.23,33.93,Plywood,169.65
PAL,PAL1008,16/02/2026,30,TUB-572,1,20.23,35.76,39.34,33.97,35.76,Tuberías,35.76
PAL,PAL1008,16/02/2026,40,CEM-438,2,37.05,67.93,74.72,64.53,67.93,Cemento,135.86
PAL,PAL1009,09/05/2026,10,TUB-731,1,32.08,47.24,51.96,44.88,47.24,Tuberías,47.24
PAL,PAL1009,09/05/2026,20,PLY-882,1,37.05,54.76,60.24,52.02,54.76,Plywood,54.76
PAL,PAL1009,09/05/2026,30,TUB-623,2,35.59,65.41,71.95,62.14,65.41,Tuberías,130.82
PAL,PAL1009,09/05/2026,40,PIN-616,1,26.38,40.54,44.59,38.51,40.54,Pinturas,40.54
PAL,PAL1010,11/01/2026,10,ACE-688,5,8.93,14.25,15.68,13.54,14.25,Acero,71.25
PAL,PAL1010,11/01/2026,20,PLY-106,2,33.16,58.23,64.05,55.32,58.23,Plywood,116.46
PAL,PAL1010,11/01/2026,30,PLY-883,2,15.78,29.39,32.33,27.92,29.39,Plywood,58.78
PAL,PAL1010,11/01/2026,40,PLY-784,3,26.29,40.01,44.01,38.01,40.01,Plywood,120.03
PAL,PAL1011,24/03/2026,10,PLY-316,1,24.09,44.12,48.53,41.91,44.12,Plywood,44.12
PAL,PAL1012,29/10/2025,10,ACE-661,3,9.62,16.39,18.03,15.57,16.39,Acero,49.17
PAL,PAL1013,10/06/2025,10,PLY-754,2,20.96,39.42,43.36,37.45,39.42,Plywood,78.84
PAL,PAL1013,10/06/2025,20,PIN-927,3,14.74,19.75,21.73,18.76,19.75,Pinturas,59.25
PAL,PAL1013,10/06/2025,30,CEM-150,2,15.14,27.05,29.76,25.7,27.05,Cemento,54.1
PAL,PAL1013,10/06/2025,40,PIN-529,5,26.93,47.65,52.41,45.27,47.65,Pinturas,238.25
PAL,PAL1014,05/03/2025,10,TUB-408,4,31.82,50.06,55.07,47.56,50.06,Tuberías,200.24
PAL,PAL1014,05/03/2025,20,PLY-121,3,13.92,25.72,28.29,24.43,25.72,Plywood,77.16
PAL,PAL1014,05/03/2025,30,CEM-687,1,38.42,63.26,69.59,60.1,63.26,Cemento,63.26
PAL,PAL1015,07/10/2025,10,ELÉ-631,2,39.7,62.5,68.75,59.38,62.5,Eléctrico,125.0
PAL,PAL1016,01/03/2025,10,TUB-711,4,19.57,26.05,28.66,24.75,26.05,Tuberías,104.2
PAL,PAL1017,17/04/2025,10,PLY-991,4,20.25,26.98,29.68,25.63,26.98,Plywood,107.92
PAL,PAL1017,17/04/2025,20,ACE-970,3,20.52,35.01,38.51,33.26,35.01,Acero,105.03
PAL,PAL1018,20/01/2025,10,ACE-569,4,7.7,13.98,15.38,13.28,13.98,Acero,55.92
PAL,PAL1018,20/01/2025,20,PLY-247,5,36.71,50.33,55.36,47.81,50.33,Plywood,251.65
PAL,PAL1018,20/01/2025,30,PLY-893,3,39.44,56.19,61.81,53.38,56.19,Plywood,168.57
PAL,PAL1019,29/04/2025,10,PIN-716,3,23.68,38.25,42.08,36.34,38.25,Pinturas,114.75
PAL,PAL1020,02/06/2026,10,TUB-908,3,17.62,27.66,30.43,26.28,27.66,Tuberías,82.98
PAL,PAL1020,02/06/2026,20,CEM-383,2,23.51,40.4,44.44,38.38,40.4,Cemento,80.8
PAL,PAL1021,02/07/2025,10,ACA-931,4,20.3,37.88,41.67,35.99,37.88,Acabados,151.52
PAL,PAL1021,02/07/2025,20,CEM-197,4,35.86,51.49,56.64,48.92,51.49,Cemento,205.96
PAL,PAL1021,02/07/2025,30,TUB-119,3,37.58,52.44,57.68,49.82,52.44,Tuberías,157.32
PAL,PAL1021,02/07/2025,40,PIN-991,3,31.09,45.2,49.72,42.94,45.2,Pinturas,135.6
PAL,PAL1022,30/06/2025,10,PLY-956,3,11.02,14.92,16.41,14.17,14.92,Plywood,44.76
PAL,PAL1022,30/06/2025,20,CEM-680,3,24.48,45.22,49.74,42.96,45.22,Cemento,135.66
PAL,PAL1022,30/06/2025,30,PIN-246,1,35.63,53.89,59.28,51.2,53.89,Pinturas,53.89
PAL,PAL1023,03/10/2025,10,PIN-652,1,21.32,37.34,41.07,35.47,37.34,Pinturas,37.34
PAL,PAL1023,03/10/2025,20,TUB-710,5,32.64,43.62,47.98,41.44,43.62,Tuberías,218.1
PAL,PAL1023,03/10/2025,30,PLY-664,1,26.68,50.5,55.55,47.97,50.5,Plywood,50.5
PAL,PAL1023,03/10/2025,40,TUB-487,2,23.93,40.12,44.13,38.11,40.12,Tuberías,80.24
PAL,PAL1024,05/01/2026,10,SEG-485,1,28.61,51.02,56.12,48.47,51.02,Seguridad,51.02
PAL,PAL1024,05/01/2026,20,TUB-615,5,37.54,55.1,60.61,52.34,55.1,Tuberías,275.5
PAL,PAL1024,05/01/2026,30,TUB-805,5,11.47,17.5,19.25,16.62,17.5,Tuberías,87.5
PAL,PAL1025,08/10/2025,10,PLY-621,5,36.31,59.52,65.47,56.54,59.52,Plywood,297.6
PAL,PAL1025,08/10/2025,20,ELÉ-695,4,22.91,39.62,43.58,37.64,39.62,Eléctrico,158.48
PAL,PAL1025,08/10/2025,30,CEM-168,2,30.37,46.11,50.72,43.8,46.11,Cemento,92.22
PAL,PAL1026,22/04/2026,10,PIN-145,1,20.34,27.03,29.73,25.68,27.03,Pinturas,27.03
PAL,PAL1026,22/04/2026,20,CEM-177,4,14.45,24.31,26.74,23.09,24.31,Cemento,97.24
PAL,PAL1027,12/12/2025,10,PLY-842,5,8.0,11.2,12.32,10.64,11.2,Plywood,56.0
PAL,PAL1027,12/12/2025,20,CEM-591,1,26.06,42.73,47.0,40.59,42.73,Cemento,42.73
PAL,PAL1027,12/12/2025,30,ACE-872,1,22.75,32.27,35.5,30.66,32.27,Acero,32.27
PAL,PAL1028,31/07/2025,10,PIN-454,1,35.51,55.4,60.94,52.63,55.4,Pinturas,55.4
PAL,PAL1028,31/07/2025,20,PLY-248,2,39.97,72.11,79.32,68.5,72.11,Plywood,144.22
PAL,PAL1028,31/07/2025,30,TUB-595,5,17.29,22.57,24.83,21.44,22.57,Tuberías,112.85
PAL,PAL1028,31/07/2025,40,PLY-898,2,38.64,53.48,58.83,50.81,53.48,Plywood,106.96
PAL,PAL1029,30/03/2026,10,PLY-330,1,26.7,44.67,49.14,42.44,44.67,Plywood,44.67
PAL,PAL1029,30/03/2026,20,PLY-166,5,10.23,16.11,17.72,15.3,16.11,Plywood,80.55
PAL,PAL1029,30/03/2026,30,CEM-406,4,11.76,21.45,23.6,20.38,21.45,Cemento,85.8
PAL,PAL1030,14/01/2025,10,PLY-900,5,20.66,32.74,36.01,31.1,32.74,Plywood,163.7
PAL,PAL1031,21/05/2026,10,ACE-184,5,26.26,37.45,41.2,35.58,37.45,Acero,187.25
PAL,PAL1031,21/05/2026,20,PLY-456,3,39.02,70.02,77.02,66.52,70.02,Plywood,210.06
PAL,PAL1032,31/12/2025,10,TUB-800,5,20.84,30.13,33.14,28.62,30.13,Tuberías,150.65
PAL,PAL1032,31/12/2025,20,PLY-889,3,11.76,19.21,21.13,18.25,19.21,Plywood,57.63
PAL,PAL1032,31/12/2025,30,ACE-434,3,13.3,20.72,22.79,19.68,20.72,Acero,62.16
PAL,PAL1033,03/07/2025,10,PIN-764,2,37.66,56.31,61.94,53.49,56.31,Pinturas,112.62
PAL,PAL1033,03/07/2025,20,PIN-633,5,18.29,25.45,28.0,24.18,25.45,Pinturas,127.25
PAL,PAL1033,03/07/2025,30,CEM-651,1,34.9,53.2,58.52,50.54,53.2,Cemento,53.2
PAL,PAL1034,05/08/2025,10,PIN-876,4,8.09,10.83,11.91,10.29,10.83,Pinturas,43.32
PAL,PAL1035,23/10/2025,10,CEM-754,1,13.38,22.81,25.09,21.67,22.81,Cemento,22.81
PAL,PAL1035,23/10/2025,20,PLY-325,2,38.76,61.52,67.67,58.44,61.52,Plywood,123.04
PAL,PAL1035,23/10/2025,30,PLY-271,4,18.64,24.39,26.83,23.17,24.39,Plywood,97.56
PAL,PAL1035,23/10/2025,40,ELÉ-667,1,14.88,24.34,26.77,23.12,24.34,Eléctrico,24.34
PAL,PAL1036,27/03/2025,10,PLY-739,3,19.34,36.14,39.75,34.33,36.14,Plywood,108.42
PAL,PAL1036,27/03/2025,20,PIN-480,2,39.25,57.95,63.75,55.05,57.95,Pinturas,115.9
PAL,PAL1036,27/03/2025,30,CEM-872,3,18.15,24.49,26.94,23.27,24.49,Cemento,73.47
PAL,PAL1037,27/02/2025,10,PIN-275,3,39.14,51.08,56.19,48.53,51.08,Pinturas,153.24
PAL,PAL1037,27/02/2025,20,TUB-675,1,12.19,23.09,25.4,21.94,23.09,Tuberías,23.09
PAL,PAL1038,12/12/2025,10,TUB-923,3,35.09,65.44,71.98,62.17,65.44,Tuberías,196.32
PAL,PAL1038,12/12/2025,20,PLY-106,3,23.74,38.97,42.87,37.02,38.97,Plywood,116.91
PAL,PAL1038,12/12/2025,30,CEM-163,2,8.84,14.77,16.25,14.03,14.77,Cemento,29.54
PAL,PAL1038,12/12/2025,40,ELÉ-860,4,37.49,65.74,72.31,62.45,65.74,Eléctrico,262.96
PAL,PAL1039,15/08/2025,10,CEM-197,5,14.76,23.44,25.78,22.27,23.44,Cemento,117.2
PAL,PAL1039,15/08/2025,20,PLY-711,1,5.12,9.5,10.45,9.03,9.5,Plywood,9.5
PAL,PAL1039,15/08/2025,30,PLY-397,3,14.85,27.03,29.73,25.68,27.03,Plywood,81.09
PAL,PAL1040,04/03/2026,10,PLY-368,1,36.82,48.66,53.53,46.23,48.66,Plywood,48.66
PAL,PAL1040,04/03/2026,20,CEM-592,4,7.34,13.08,14.39,12.43,13.08,Cemento,52.32
PAL,PAL1041,13/05/2026,10,PLY-741,2,15.85,21.2,23.32,20.14,21.2,Plywood,42.4
PAL,PAL1041,13/05/2026,20,PLY-510,2,37.69,51.44,56.58,48.87,51.44,Plywood,102.88
PAL,PAL1042,13/10/2025,10,CEM-424,1,38.91,62.67,68.94,59.54,62.67,Cemento,62.67
PAL,PAL1042,13/10/2025,20,CEM-552,1,36.18,67.25,73.98,63.89,67.25,Cemento,67.25
PAL,PAL1043,20/09/2025,10,PIN-925,2,7.61,11.66,12.83,11.08,11.66,Pinturas,23.32
PAL,PAL1043,20/09/2025,20,PLY-276,5,13.23,18.33,20.16,17.41,18.33,Plywood,91.65
PAL,PAL1043,20/09/2025,30,PLY-953,1,19.59,34.78,38.26,33.04,34.78,Plywood,34.78
PAL,PAL1043,20/09/2025,40,PLY-401,1,28.74,41.17,45.29,39.11,41.17,Plywood,41.17
PAL,PAL1044,02/06/2026,10,TUB-864,5,16.61,21.67,23.84,20.59,21.67,Tuberías,108.35
PAL,PAL1045,03/01/2026,10,TUB-865,3,36.5,63.48,69.83,60.31,63.48,Tuberías,190.44
PAL,PAL1046,27/08/2025,10,PLY-973,2,26.24,46.69,51.36,44.36,46.69,Plywood,93.38
PAL,PAL1046,27/08/2025,20,PIN-127,1,33.07,59.74,65.71,56.75,59.74,Pinturas,59.74
PAL,PAL1047,27/09/2025,10,TUB-884,2,26.58,39.34,43.27,37.37,39.34,Tuberías,78.68
PAL,PAL1047,27/09/2025,20,TUB-550,1,18.5,25.3,27.83,24.04,25.3,Tuberías,25.3
PAL,PAL1047,27/09/2025,30,PLY-956,4,37.35,48.69,53.56,46.26,48.69,Plywood,194.76
PAL,PAL1048,26/12/2025,10,ACA-261,2,7.52,12.55,13.81,11.92,12.55,Acabados,25.1
PAL,PAL1048,26/12/2025,20,PLY-582,3,39.4,52.05,57.26,49.45,52.05,Plywood,156.15
PAL,PAL1048,26/12/2025,30,PLY-481,4,31.51,45.93,50.52,43.63,45.93,Plywood,183.72
PAL,PAL1049,18/02/2025,10,PLY-746,2,39.65,69.06,75.97,65.61,69.06,Plywood,138.12
PAL,PAL1049,18/02/2025,20,PLY-745,2,8.65,14.91,16.4,14.16,14.91,Plywood,29.82
PAL,PAL1050,04/05/2025,10,PLY-205,2,7.65,13.01,14.31,12.36,13.01,Plywood,26.02
PAL,PAL1050,04/05/2025,20,FER-557,2,21.51,33.02,36.32,31.37,33.02,Ferretería,66.04
PAL,PAL1050,04/05/2025,30,ELÉ-641,2,9.15,13.67,15.04,12.99,13.67,Eléctrico,27.34
PAL,PAL1051,20/04/2026,10,CEM-241,2,10.61,19.75,21.73,18.76,19.75,Cemento,39.5
PAL,PAL1051,20/04/2026,20,TUB-901,5,9.19,17.19,18.91,16.33,17.19,Tuberías,85.95
PAL,PAL1051,20/04/2026,30,PIN-265,3,15.24,23.35,25.69,22.18,23.35,Pinturas,70.05
PAL,PAL1051,20/04/2026,40,PLY-965,4,9.11,16.19,17.81,15.38,16.19,Plywood,64.76
PAL,PAL1052,13/01/2025,10,CEM-326,4,7.32,11.26,12.39,10.7,11.26,Cemento,45.04
PAL,PAL1052,13/01/2025,20,PIN-485,5,13.56,20.03,22.03,19.03,20.03,Pinturas,100.15
PAL,PAL1052,13/01/2025,30,PLY-782,2,12.8,23.42,25.76,22.25,23.42,Plywood,46.84
PAL,PAL1052,13/01/2025,40,FER-368,5,18.02,33.98,37.38,32.28,33.98,Ferretería,169.9
PAL,PAL1053,22/06/2025,10,TUB-347,3,14.68,26.2,28.82,24.89,26.2,Tuberías,78.6
PAL,PAL1053,22/06/2025,20,PLY-871,3,14.55,25.42,27.96,24.15,25.42,Plywood,76.26
PAL,PAL1054,05/07/2025,10,PIN-575,5,32.13,52.78,58.06,50.14,52.78,Pinturas,263.9
PAL,PAL1054,05/07/2025,20,ACE-904,1,15.37,27.14,29.85,25.78,27.14,Acero,27.14
PAL,PAL1054,05/07/2025,30,PLY-101,1,24.05,36.09,39.7,34.29,36.09,Plywood,36.09
PAL,PAL1055,19/06/2025,10,HER-783,4,21.29,38.46,42.31,36.54,38.46,Herramientas,153.84
PAL,PAL1055,19/06/2025,20,CEM-873,4,35.35,48.97,53.87,46.52,48.97,Cemento,195.88
PAL,PAL1056,03/01/2026,10,CEM-810,5,9.95,16.49,18.14,15.67,16.49,Cemento,82.45
PAL,PAL1056,03/01/2026,20,CEM-146,1,37.76,67.42,74.16,64.05,67.42,Cemento,67.42
PAL,PAL1056,03/01/2026,30,PIN-153,1,6.48,9.17,10.09,8.71,9.17,Pinturas,9.17
PAL,PAL1057,21/11/2025,10,PLY-491,5,30.38,54.81,60.29,52.07,54.81,Plywood,274.05
PAL,PAL1058,04/06/2026,10,PLY-591,3,20.02,30.47,33.52,28.95,30.47,Plywood,91.41
PAL,PAL1059,16/10/2025,10,CEM-621,3,7.48,13.25,14.58,12.59,13.25,Cemento,39.75
PAL,PAL1059,16/10/2025,20,CEM-307,3,32.91,58.37,64.21,55.45,58.37,Cemento,175.11
PAL,PAL1060,30/10/2025,10,PIN-654,1,21.72,36.6,40.26,34.77,36.6,Pinturas,36.6
PAL,PAL1060,30/10/2025,20,CEM-371,1,11.83,16.34,17.97,15.52,16.34,Cemento,16.34
PAL,PAL1060,30/10/2025,30,ELÉ-370,4,25.13,45.75,50.33,43.46,45.75,Eléctrico,183.0
PAL,PAL1060,30/10/2025,40,PLY-424,2,30.88,52.59,57.85,49.96,52.59,Plywood,105.18
PAL,PAL1061,13/09/2025,10,FER-568,3,8.64,14.76,16.24,14.02,14.76,Ferretería,44.28
PAL,PAL1061,13/09/2025,20,PIN-189,5,31.25,53.91,59.3,51.21,53.91,Pinturas,269.55
PAL,PAL1061,13/09/2025,30,PLY-308,1,7.32,9.69,10.66,9.21,9.69,Plywood,9.69
PAL,PAL1061,13/09/2025,40,CEM-615,4,9.11,13.86,15.25,13.17,13.86,Cemento,55.44
PAL,PAL1062,15/04/2025,10,CEM-359,3,39.77,68.18,75.0,64.77,68.18,Cemento,204.54
PAL,PAL1062,15/04/2025,20,CEM-881,4,34.94,51.66,56.83,49.08,51.66,Cemento,206.64
PAL,PAL1063,27/09/2025,10,PLY-155,5,27.84,46.12,50.73,43.81,46.12,Plywood,230.6
PAL,PAL1063,27/09/2025,20,TUB-606,4,6.69,10.64,11.7,10.11,10.64,Tuberías,42.56
PAL,PAL1064,13/10/2025,10,PLY-286,4,27.57,46.04,50.64,43.74,46.04,Plywood,184.16
PAL,PAL1065,01/01/2025,10,PLY-222,3,35.49,54.36,59.8,51.64,54.36,Plywood,163.08
PAL,PAL1066,22/06/2025,10,PIN-878,5,31.56,57.38,63.12,54.51,57.38,Pinturas,286.9
PAL,PAL1066,22/06/2025,20,PLY-710,1,26.42,38.33,42.16,36.41,38.33,Plywood,38.33
PAL,PAL1066,22/06/2025,30,ELÉ-253,2,26.68,43.03,47.33,40.88,43.03,Eléctrico,86.06
PAL,PAL1066,22/06/2025,40,ACA-280,4,36.44,57.41,63.15,54.54,57.41,Acabados,229.64
PAL,PAL1067,16/06/2026,10,CEM-684,4,32.63,55.71,61.28,52.92,55.71,Cemento,222.84
PAL,PAL1067,16/06/2026,20,PLY-624,2,8.22,12.23,13.45,11.62,12.23,Plywood,24.46
PAL,PAL1067,16/06/2026,30,PLY-574,1,29.51,51.57,56.73,48.99,51.57,Plywood,51.57
PAL,PAL1067,16/06/2026,40,ELÉ-339,3,21.0,31.61,34.77,30.03,31.61,Eléctrico,94.83
PAL,PAL1068,14/04/2026,10,TUB-897,3,31.46,49.54,54.49,47.06,49.54,Tuberías,148.62
PAL,PAL1068,14/04/2026,20,PLY-164,1,28.14,41.06,45.17,39.01,41.06,Plywood,41.06
PAL,PAL1068,14/04/2026,30,PLY-825,3,36.28,65.02,71.52,61.77,65.02,Plywood,195.06
PAL,PAL1068,14/04/2026,40,ELÉ-139,3,20.16,32.89,36.18,31.25,32.89,Eléctrico,98.67
PAL,PAL1069,03/03/2026,10,CEM-369,3,15.99,22.85,25.14,21.71,22.85,Cemento,68.55
PAL,PAL1069,03/03/2026,20,CEM-691,5,18.94,29.27,32.2,27.81,29.27,Cemento,146.35
PAL,PAL1069,03/03/2026,30,TUB-563,1,12.46,19.39,21.33,18.42,19.39,Tuberías,19.39
PAL,PAL1070,09/05/2026,10,PLY-449,3,28.95,41.9,46.09,39.8,41.9,Plywood,125.7
PAL,PAL1070,09/05/2026,20,PLY-255,3,35.75,51.82,57.0,49.23,51.82,Plywood,155.46
PAL,PAL1070,09/05/2026,30,CEM-480,4,31.31,44.14,48.55,41.93,44.14,Cemento,176.56
PAL,PAL1070,09/05/2026,40,PLY-791,2,20.07,29.88,32.87,28.39,29.88,Plywood,59.76
PAL,PAL1071,11/11/2025,10,ACE-677,4,37.64,49.99,54.99,47.49,49.99,Acero,199.96
PAL,PAL1071,11/11/2025,20,SEG-824,5,7.58,9.91,10.9,9.41,9.91,Seguridad,49.55
PAL,PAL1072,19/08/2025,10,ELÉ-527,3,36.44,49.03,53.93,46.58,49.03,Eléctrico,147.09
PAL,PAL1073,28/10/2025,10,TUB-422,5,27.49,37.01,40.71,35.16,37.01,Tuberías,185.05
PAL,PAL1073,28/10/2025,20,PLY-897,3,15.69,29.75,32.73,28.26,29.75,Plywood,89.25
PAL,PAL1074,27/10/2025,10,TUB-539,4,10.84,20.23,22.25,19.22,20.23,Tuberías,80.92
PAL,PAL1074,27/10/2025,20,SEG-182,3,14.94,27.73,30.5,26.34,27.73,Seguridad,83.19
PAL,PAL1074,27/10/2025,30,CEM-532,4,15.43,25.5,28.05,24.22,25.5,Cemento,102.0
PAL,PAL1074,27/10/2025,40,PLY-754,4,33.42,44.42,48.86,42.2,44.42,Plywood,177.68
PAL,PAL1075,09/05/2026,10,CEM-325,3,12.99,20.25,22.28,19.24,20.25,Cemento,60.75
PAL,PAL1075,09/05/2026,20,PLY-468,1,5.16,9.29,10.22,8.83,9.29,Plywood,9.29
PAL,PAL1075,09/05/2026,30,CEM-119,3,5.24,8.31,9.14,7.89,8.31,Cemento,24.93
PAL,PAL1075,09/05/2026,40,ELÉ-170,2,20.56,36.43,40.07,34.61,36.43,Eléctrico,72.86
PAL,PAL1076,01/09/2025,10,TUB-846,3,11.24,20.3,22.33,19.29,20.3,Tuberías,60.9
PAL,PAL1076,01/09/2025,20,ACE-210,2,11.25,14.67,16.14,13.94,14.67,Acero,29.34
PAL,PAL1077,01/04/2025,10,PLY-136,5,12.31,16.46,18.11,15.64,16.46,Plywood,82.3
PAL,PAL1077,01/04/2025,20,CEM-966,4,32.56,45.27,49.8,43.01,45.27,Cemento,181.08
PAL,PAL1078,15/03/2025,10,PLY-719,3,22.88,41.27,45.4,39.21,41.27,Plywood,123.81
PAL,PAL1078,15/03/2025,20,PIN-715,4,13.89,21.36,23.5,20.29,21.36,Pinturas,85.44
PAL,PAL1078,15/03/2025,30,ACE-856,1,28.02,49.36,54.3,46.89,49.36,Acero,49.36
PAL,PAL1078,15/03/2025,40,PLY-286,4,28.86,41.51,45.66,39.43,41.51,Plywood,166.04
PAL,PAL1079,16/04/2026,10,PIN-517,5,31.67,49.52,54.47,47.04,49.52,Pinturas,247.6
PAL,PAL1080,18/02/2026,10,PLY-447,5,17.42,22.71,24.98,21.57,22.71,Plywood,113.55
PAL,PAL1081,21/04/2026,10,ELÉ-812,4,38.84,52.12,57.33,49.51,52.12,Eléctrico,208.48
PAL,PAL1081,21/04/2026,20,TUB-810,1,8.4,11.58,12.74,11.0,11.58,Tuberías,11.58
PAL,PAL1081,21/04/2026,30,CEM-770,2,34.69,56.22,61.84,53.41,56.22,Cemento,112.44
PAL,PAL1082,15/10/2025,10,CEM-622,2,6.92,9.92,10.91,9.42,9.92,Cemento,19.84
PAL,PAL1082,15/10/2025,20,CEM-472,2,32.84,57.92,63.71,55.02,57.92,Cemento,115.84
PAL,PAL1082,15/10/2025,30,TUB-116,3,10.11,17.77,19.55,16.88,17.77,Tuberías,53.31
PAL,PAL1083,19/01/2025,10,PLY-541,4,8.27,12.02,13.22,11.42,12.02,Plywood,48.08
PAL,PAL1083,19/01/2025,20,PIN-561,2,17.02,27.94,30.73,26.54,27.94,Pinturas,55.88
PAL,PAL1083,19/01/2025,30,TUB-119,4,23.45,42.96,47.26,40.81,42.96,Tuberías,171.84
PAL,PAL1083,19/01/2025,40,PIN-678,4,35.03,47.53,52.28,45.15,47.53,Pinturas,190.12
PAL,PAL1084,28/12/2025,10,CEM-444,5,15.46,24.91,27.4,23.66,24.91,Cemento,124.55
PAL,PAL1084,28/12/2025,20,CEM-518,2,6.68,11.57,12.73,10.99,11.57,Cemento,23.14
PAL,PAL1085,16/08/2025,10,TUB-748,1,18.91,26.81,29.49,25.47,26.81,Tuberías,26.81
PAL,PAL1086,14/03/2025,10,CEM-279,4,30.63,54.44,59.88,51.72,54.44,Cemento,217.76
PAL,PAL1086,14/03/2025,20,CEM-411,1,35.9,66.28,72.91,62.97,66.28,Cemento,66.28
PAL,PAL1087,04/11/2025,10,CEM-523,2,36.43,56.06,61.67,53.26,56.06,Cemento,112.12
PAL,PAL1087,04/11/2025,20,CEM-895,3,25.16,34.53,37.98,32.8,34.53,Cemento,103.59
PAL,PAL1087,04/11/2025,30,ELÉ-295,3,10.73,18.14,19.95,17.23,18.14,Eléctrico,54.42
PAL,PAL1088,19/02/2025,10,ACA-974,4,9.99,17.52,19.27,16.64,17.52,Acabados,70.08
PAL,PAL1088,19/02/2025,20,SEG-335,5,17.2,29.37,32.31,27.9,29.37,Seguridad,146.85
PAL,PAL1089,09/03/2026,10,CEM-874,2,37.0,49.19,54.11,46.73,49.19,Cemento,98.38
PAL,PAL1089,09/03/2026,20,ELÉ-985,2,27.71,40.9,44.99,38.85,40.9,Eléctrico,81.8
PAL,PAL1089,09/03/2026,30,PLY-103,5,35.93,51.15,56.27,48.59,51.15,Plywood,255.75
PAL,PAL1089,09/03/2026,40,CEM-901,5,14.35,23.43,25.77,22.26,23.43,Cemento,117.15
PAL,PAL1090,06/06/2026,10,PIN-294,1,13.38,17.71,19.48,16.82,17.71,Pinturas,17.71
PAL,PAL1091,21/08/2025,10,PLY-279,2,6.17,11.11,12.22,10.55,11.11,Plywood,22.22
PAL,PAL1091,21/08/2025,20,ELÉ-963,2,25.84,46.1,50.71,43.8,46.1,Eléctrico,92.2
PAL,PAL1092,23/02/2025,10,PLY-795,1,16.2,27.05,29.76,25.7,27.05,Plywood,27.05
PAL,PAL1092,23/02/2025,20,CEM-443,1,38.25,69.29,76.22,65.83,69.29,Cemento,69.29
PAL,PAL1093,07/09/2025,10,PLY-765,2,39.12,61.37,67.51,58.3,61.37,Plywood,122.74
PAL,PAL1094,11/03/2026,10,ACE-748,4,27.13,41.39,45.53,39.32,41.39,Acero,165.56
PAL,PAL1094,11/03/2026,20,PIN-274,4,20.45,37.5,41.25,35.62,37.5,Pinturas,150.0
PAL,PAL1095,27/09/2025,10,PIN-603,4,27.96,41.72,45.89,39.63,41.72,Pinturas,166.88
PAL,PAL1096,15/06/2025,10,FER-628,4,17.73,27.11,29.82,25.75,27.11,Ferretería,108.44
PAL,PAL1096,15/06/2025,20,ELÉ-664,2,34.28,55.94,61.53,53.14,55.94,Eléctrico,111.88
PAL,PAL1096,15/06/2025,30,CEM-100,4,12.04,22.68,24.95,21.55,22.68,Cemento,90.72
PAL,PAL1096,15/06/2025,40,PLY-552,1,20.57,34.39,37.83,32.67,34.39,Plywood,34.39
PAL,PAL1097,25/04/2026,10,ACE-486,3,38.74,54.22,59.64,51.51,54.22,Acero,162.66
PAL,PAL1097,25/04/2026,20,PLY-815,4,34.57,58.48,64.33,55.56,58.48,Plywood,233.92
PAL,PAL1098,04/03/2025,10,PLY-705,5,26.97,46.91,51.6,44.56,46.91,Plywood,234.55
PAL,PAL1098,04/03/2025,20,PIN-287,5,11.12,17.85,19.64,16.96,17.85,Pinturas,89.25
PAL,PAL1098,04/03/2025,30,CEM-116,1,37.27,67.59,74.35,64.21,67.59,Cemento,67.59
PAL,PAL1098,04/03/2025,40,CEM-809,1,14.86,23.27,25.6,22.11,23.27,Cemento,23.27
PAL,PAL1099,23/03/2026,10,PLY-613,3,14.29,19.8,21.78,18.81,19.8,Plywood,59.4
PAL,PAL1100,20/03/2025,10,ACA-302,1,25.38,41.52,45.67,39.44,41.52,Acabados,41.52
PAL,PAL1100,20/03/2025,20,CEM-174,4,29.46,52.53,57.78,49.9,52.53,Cemento,210.12
PAL,PAL1100,20/03/2025,30,PLY-360,5,31.12,42.03,46.23,39.93,42.03,Plywood,210.15
PAL,PAL1101,16/10/2025,10,FER-314,3,10.48,18.98,20.88,18.03,18.98,Ferretería,56.94
PAL,PAL1101,16/10/2025,20,ELÉ-973,2,12.01,18.58,20.44,17.65,18.58,Eléctrico,37.16
PAL,PAL1102,11/01/2025,10,HER-434,5,12.57,17.0,18.7,16.15,17.0,Herramientas,85.0
PAL,PAL1102,11/01/2025,20,TUB-546,3,14.52,23.89,26.28,22.7,23.89,Tuberías,71.67
PAL,PAL1102,11/01/2025,30,PLY-619,3,31.39,58.42,64.26,55.5,58.42,Plywood,175.26
PAL,PAL1103,10/10/2025,10,TUB-131,5,9.54,18.05,19.86,17.15,18.05,Tuberías,90.25
PAL,PAL1104,18/02/2025,10,FER-684,4,11.62,18.14,19.95,17.23,18.14,Ferretería,72.56
PAL,PAL1105,21/01/2025,10,HER-681,5,26.14,36.95,40.65,35.1,36.95,Herramientas,184.75
PAL,PAL1106,26/02/2026,10,ELÉ-375,1,34.64,55.57,61.13,52.79,55.57,Eléctrico,55.57
PAL,PAL1106,26/02/2026,20,ELÉ-889,4,32.85,50.5,55.55,47.97,50.5,Eléctrico,202.0
PAL,PAL1106,26/02/2026,30,PLY-764,2,18.23,31.0,34.1,29.45,31.0,Plywood,62.0
PAL,PAL1107,02/07/2025,10,TUB-330,3,16.43,30.3,33.33,28.79,30.3,Tuberías,90.9
PAL,PAL1107,02/07/2025,20,PLY-558,1,14.09,21.37,23.51,20.3,21.37,Plywood,21.37
PAL,PAL1108,15/08/2025,10,PLY-814,4,27.96,48.48,53.33,46.06,48.48,Plywood,193.92
PAL,PAL1108,15/08/2025,20,PLY-398,1,15.09,26.84,29.52,25.5,26.84,Plywood,26.84
PAL,PAL1108,15/08/2025,30,PLY-366,5,21.15,34.32,37.75,32.6,34.32,Plywood,171.6
PAL,PAL1108,15/08/2025,40,CEM-416,3,12.0,21.39,23.53,20.32,21.39,Cemento,64.17
PAL,PAL1109,18/06/2025,10,PIN-336,2,36.67,61.7,67.87,58.62,61.7,Pinturas,123.4
PAL,PAL1109,18/06/2025,20,PIN-665,5,36.27,68.58,75.44,65.15,68.58,Pinturas,342.9
PAL,PAL1109,18/06/2025,30,CEM-174,3,15.33,24.16,26.58,22.95,24.16,Cemento,72.48
PAL,PAL1109,18/06/2025,40,ELÉ-632,2,26.61,45.8,50.38,43.51,45.8,Eléctrico,91.6
PAL,PAL1110,26/01/2026,10,PLY-612,4,10.1,13.6,14.96,12.92,13.6,Plywood,54.4
PAL,PAL1110,26/01/2026,20,ELÉ-451,5,8.64,12.92,14.21,12.27,12.92,Eléctrico,64.6
PAL,PAL1111,30/06/2025,10,PLY-586,2,13.83,21.81,23.99,20.72,21.81,Plywood,43.62
PAL,PAL1112,21/09/2025,10,CEM-501,3,39.63,69.87,76.86,66.38,69.87,Cemento,209.61
PAL,PAL1113,17/02/2025,10,PLY-890,3,38.02,59.69,65.66,56.71,59.69,Plywood,179.07
PAL,PAL1113,17/02/2025,20,PLY-234,5,38.34,53.35,58.69,50.68,53.35,Plywood,266.75
PAL,PAL1114,12/06/2026,10,TUB-979,2,36.54,64.26,70.69,61.05,64.26,Tuberías,128.52
PAL,PAL1115,27/07/2025,10,TUB-971,4,6.08,8.01,8.81,7.61,8.01,Tuberías,32.04
PAL,PAL1115,27/07/2025,20,PLY-631,5,8.21,11.66,12.83,11.08,11.66,Plywood,58.3
PAL,PAL1115,27/07/2025,30,TUB-243,1,32.95,56.86,62.55,54.02,56.86,Tuberías,56.86
PAL,PAL1115,27/07/2025,40,ACE-642,2,22.5,38.62,42.48,36.69,38.62,Acero,77.24
PAL,PAL1116,26/03/2025,10,ELÉ-566,1,24.23,40.11,44.12,38.1,40.11,Eléctrico,40.11
PAL,PAL1116,26/03/2025,20,PLY-333,3,27.72,48.38,53.22,45.96,48.38,Plywood,145.14
PAL,PAL1117,17/01/2026,10,PIN-119,3,38.83,72.31,79.54,68.69,72.31,Pinturas,216.93
PAL,PAL1117,17/01/2026,20,CEM-900,4,23.98,36.63,40.29,34.8,36.63,Cemento,146.52
PAL,PAL1117,17/01/2026,30,PIN-129,3,19.91,36.78,40.46,34.94,36.78,Pinturas,110.34
PAL,PAL1117,17/01/2026,40,TUB-422,4,17.96,30.53,33.58,29.0,30.53,Tuberías,122.12
PAL,PAL1118,14/05/2025,10,CEM-551,5,14.45,19.14,21.05,18.18,19.14,Cemento,95.7
PAL,PAL1119,15/03/2025,10,PIN-452,5,24.14,39.79,43.77,37.8,39.79,Pinturas,198.95
PAL,PAL1119,15/03/2025,20,TUB-481,3,28.15,36.84,40.52,35.0,36.84,Tuberías,110.52
PAL,PAL1119,15/03/2025,30,TUB-497,5,7.5,12.8,14.08,12.16,12.8,Tuberías,64.0
PAL,PAL1119,15/03/2025,40,PIN-938,3,10.54,15.78,17.36,14.99,15.78,Pinturas,47.34
PAL,PAL1120,31/03/2025,10,ACA-781,1,29.8,44.7,49.17,42.47,44.7,Acabados,44.7
PAL,PAL1120,31/03/2025,20,TUB-535,3,28.53,37.99,41.79,36.09,37.99,Tuberías,113.97
PAL,PAL1120,31/03/2025,30,CEM-585,5,22.77,41.95,46.15,39.85,41.95,Cemento,209.75
PAL,PAL1120,31/03/2025,40,PLY-595,3,9.99,14.22,15.64,13.51,14.22,Plywood,42.66
PAL,PAL1121,07/10/2025,10,PLY-902,4,33.37,48.91,53.8,46.46,48.91,Plywood,195.64
PAL,PAL1121,07/10/2025,20,FER-825,5,18.6,29.86,32.85,28.37,29.86,Ferretería,149.3
PAL,PAL1121,07/10/2025,30,ACA-866,2,14.67,25.01,27.51,23.76,25.01,Acabados,50.02
PAL,PAL1121,07/10/2025,40,TUB-138,5,26.67,45.85,50.44,43.56,45.85,Tuberías,229.25
PAL,PAL1122,17/06/2025,10,PLY-793,1,14.37,25.59,28.15,24.31,25.59,Plywood,25.59
PAL,PAL1123,09/07/2025,10,CEM-846,2,37.18,53.66,59.03,50.98,53.66,Cemento,107.32
PAL,PAL1123,09/07/2025,20,PLY-860,4,35.91,58.27,64.1,55.36,58.27,Plywood,233.08
PAL,PAL1124,11/11/2025,10,ACE-830,3,26.25,48.39,53.23,45.97,48.39,Acero,145.17
PAL,PAL1124,11/11/2025,20,PLY-309,3,25.08,46.52,51.17,44.19,46.52,Plywood,139.56
PAL,PAL1124,11/11/2025,30,CEM-394,2,9.06,15.03,16.53,14.28,15.03,Cemento,30.06
PAL,PAL1125,29/08/2025,10,ELÉ-157,2,36.81,58.98,64.88,56.03,58.98,Eléctrico,117.96
PAL,PAL1125,29/08/2025,20,TUB-533,3,17.23,24.71,27.18,23.47,24.71,Tuberías,74.13
PAL,PAL1126,23/05/2026,10,PLY-285,5,33.48,60.85,66.94,57.81,60.85,Plywood,304.25
PAL,PAL1126,23/05/2026,20,PLY-749,3,8.2,13.54,14.89,12.86,13.54,Plywood,40.62
PAL,PAL1127,20/10/2025,10,CEM-487,4,24.57,43.12,47.43,40.96,43.12,Cemento,172.48
PAL,PAL1127,20/10/2025,20,HER-325,4,31.47,46.69,51.36,44.36,46.69,Herramientas,186.76
PAL,PAL1127,20/10/2025,30,CEM-529,1,13.15,18.05,19.86,17.15,18.05,Cemento,18.05
PAL,PAL1128,10/08/2025,10,PIN-669,1,11.7,15.32,16.85,14.55,15.32,Pinturas,15.32
PAL,PAL1128,10/08/2025,20,CEM-190,2,38.29,51.98,57.18,49.38,51.98,Cemento,103.96
PAL,PAL1129,11/02/2025,10,CEM-707,1,31.27,52.65,57.92,50.02,52.65,Cemento,52.65
PAL,PAL1129,11/02/2025,20,PLY-969,2,28.49,41.0,45.1,38.95,41.0,Plywood,82.0
PAL,PAL1129,11/02/2025,30,CEM-947,2,36.43,58.9,64.79,55.95,58.9,Cemento,117.8
PAL,PAL1130,21/04/2026,10,PLY-861,1,12.22,17.28,19.01,16.42,17.28,Plywood,17.28
PAL,PAL1130,21/04/2026,20,CEM-531,4,16.67,25.56,28.12,24.28,25.56,Cemento,102.24
PAL,PAL1131,08/01/2026,10,PLY-691,1,30.41,46.22,50.84,43.91,46.22,Plywood,46.22
PAL,PAL1131,08/01/2026,20,PLY-418,4,9.23,12.35,13.59,11.73,12.35,Plywood,49.4
PAL,PAL1131,08/01/2026,30,PLY-327,2,24.11,42.61,46.87,40.48,42.61,Plywood,85.22
PAL,PAL1132,26/01/2026,10,CEM-195,5,18.35,29.51,32.46,28.03,29.51,Cemento,147.55
PAL,PAL1132,26/01/2026,20,TUB-174,1,24.97,44.89,49.38,42.65,44.89,Tuberías,44.89
PAL,PAL1132,26/01/2026,30,ACA-253,3,21.23,35.47,39.02,33.7,35.47,Acabados,106.41
PAL,PAL1133,01/02/2025,10,CEM-413,1,13.66,21.52,23.67,20.44,21.52,Cemento,21.52
PAL,PAL1133,01/02/2025,20,TUB-529,2,27.64,45.5,50.05,43.23,45.5,Tuberías,91.0
PAL,PAL1134,11/03/2026,10,PLY-442,5,35.03,61.5,67.65,58.42,61.5,Plywood,307.5
PAL,PAL1134,11/03/2026,20,PLY-941,1,21.57,29.05,31.96,27.6,29.05,Plywood,29.05
PAL,PAL1135,21/06/2025,10,CEM-549,5,14.05,19.48,21.43,18.51,19.48,Cemento,97.4
PAL,PAL1135,21/06/2025,20,PIN-605,4,11.08,19.22,21.14,18.26,19.22,Pinturas,76.88
PAL,PAL1135,21/06/2025,30,CEM-142,1,39.08,69.73,76.7,66.24,69.73,Cemento,69.73
PAL,PAL1136,31/08/2025,10,ACE-155,3,25.48,34.44,37.88,32.72,34.44,Acero,103.32
PAL,PAL1136,31/08/2025,20,PLY-843,1,23.14,37.59,41.35,35.71,37.59,Plywood,37.59
PAL,PAL1136,31/08/2025,30,CEM-543,3,18.4,33.23,36.55,31.57,33.23,Cemento,99.69
PAL,PAL1136,31/08/2025,40,HER-342,2,25.12,40.61,44.67,38.58,40.61,Herramientas,81.22
PAL,PAL1137,11/05/2026,10,ACE-137,3,39.03,57.06,62.77,54.21,57.06,Acero,171.18
PAL,PAL1137,11/05/2026,20,ACA-849,3,28.64,50.58,55.64,48.05,50.58,Acabados,151.74
PAL,PAL1137,11/05/2026,30,TUB-287,4,38.27,57.66,63.43,54.78,57.66,Tuberías,230.64
PAL,PAL1137,11/05/2026,40,TUB-479,3,7.06,11.64,12.8,11.06,11.64,Tuberías,34.92
PAL,PAL1138,17/07/2025,10,CEM-963,5,20.47,27.22,29.94,25.86,27.22,Cemento,136.1
PAL,PAL1138,17/07/2025,20,FER-874,2,12.11,21.09,23.2,20.04,21.09,Ferretería,42.18
PAL,PAL1139,28/02/2025,10,CEM-514,2,36.38,51.2,56.32,48.64,51.2,Cemento,102.4
PAL,PAL1140,03/10/2025,10,HER-206,4,18.16,32.79,36.07,31.15,32.79,Herramientas,131.16
PAL,PAL1141,10/11/2025,10,ACE-520,4,35.72,58.59,64.45,55.66,58.59,Acero,234.36
PAL,PAL1142,12/07/2025,10,FER-997,5,37.63,63.63,69.99,60.45,63.63,Ferretería,318.15
PAL,PAL1143,11/04/2025,10,PLY-485,2,31.25,49.55,54.51,47.07,49.55,Plywood,99.1
PAL,PAL1143,11/04/2025,20,PLY-584,3,32.06,44.97,49.47,42.72,44.97,Plywood,134.91
PAL,PAL1144,30/05/2025,10,ACE-269,2,36.01,66.66,73.33,63.33,66.66,Acero,133.32
PAL,PAL1144,30/05/2025,20,PLY-996,3,29.48,39.57,43.53,37.59,39.57,Plywood,118.71
PAL,PAL1144,30/05/2025,30,HER-203,4,11.68,15.84,17.42,15.05,15.84,Herramientas,63.36
PAL,PAL1145,03/03/2026,10,CEM-181,3,18.83,35.63,39.19,33.85,35.63,Cemento,106.89
PAL,PAL1145,03/03/2026,20,PIN-802,4,19.38,30.7,33.77,29.16,30.7,Pinturas,122.8
PAL,PAL1146,28/02/2026,10,ACE-407,5,14.21,22.4,24.64,21.28,22.4,Acero,112.0
PAL,PAL1147,02/12/2025,10,PLY-771,5,17.06,27.34,30.07,25.97,27.34,Plywood,136.7
PAL,PAL1147,02/12/2025,20,HER-749,4,24.44,41.62,45.78,39.54,41.62,Herramientas,166.48
PAL,PAL1147,02/12/2025,30,TUB-800,2,26.97,40.13,44.14,38.12,40.13,Tuberías,80.26
PAL,PAL1148,06/12/2025,10,PIN-852,4,19.41,28.27,31.1,26.86,28.27,Pinturas,113.08
PAL,PAL1148,06/12/2025,20,TUB-513,1,12.22,21.04,23.14,19.99,21.04,Tuberías,21.04
PAL,PAL1148,06/12/2025,30,PLY-793,1,31.77,46.05,50.66,43.75,46.05,Plywood,46.05
PAL,PAL1148,06/12/2025,40,TUB-352,5,37.58,67.23,73.95,63.87,67.23,Tuberías,336.15
PAL,PAL1149,02/05/2026,10,PLY-618,4,34.67,65.48,72.03,62.21,65.48,Plywood,261.92
PAL,PAL1149,02/05/2026,20,PLY-304,4,24.54,36.26,39.89,34.45,36.26,Plywood,145.04
PAL,PAL1149,02/05/2026,30,PLY-990,3,30.38,40.89,44.98,38.85,40.89,Plywood,122.67
PAL,PAL1149,02/05/2026,40,TUB-566,5,23.81,31.86,35.05,30.27,31.86,Tuberías,159.3
PAL,PAL1150,29/03/2026,10,PIN-657,4,32.36,55.45,61.0,52.68,55.45,Pinturas,221.8
PAL,PAL1151,21/03/2025,10,PLY-240,3,25.44,46.87,51.56,44.53,46.87,Plywood,140.61
PAL,PAL1152,23/10/2025,10,TUB-791,2,29.16,44.8,49.28,42.56,44.8,Tuberías,89.6
PAL,PAL1152,23/10/2025,20,PLY-141,5,16.39,29.87,32.86,28.38,29.87,Plywood,149.35
PAL,PAL1153,07/09/2025,10,CEM-324,2,37.82,68.88,75.77,65.44,68.88,Cemento,137.76
PAL,PAL1153,07/09/2025,20,CEM-170,3,16.64,29.1,32.01,27.64,29.1,Cemento,87.3
PAL,PAL1154,12/04/2025,10,CEM-178,5,39.76,59.89,65.88,56.9,59.89,Cemento,299.45
PAL,PAL1155,18/04/2026,10,PLY-738,4,37.92,54.31,59.74,51.59,54.31,Plywood,217.24
PAL,PAL1156,27/06/2025,10,ACA-653,4,29.07,46.86,51.55,44.52,46.86,Acabados,187.44
PAL,PAL1156,27/06/2025,20,PLY-877,2,15.91,29.12,32.03,27.66,29.12,Plywood,58.24
PAL,PAL1156,27/06/2025,30,TUB-356,2,9.03,11.74,12.91,11.15,11.74,Tuberías,23.48
PAL,PAL1156,27/06/2025,40,PLY-351,5,36.26,58.35,64.19,55.43,58.35,Plywood,291.75
PAL,PAL1157,29/10/2025,10,FER-251,2,35.44,55.08,60.59,52.33,55.08,Ferretería,110.16
PAL,PAL1158,05/06/2025,10,PIN-374,3,15.97,22.73,25.0,21.59,22.73,Pinturas,68.19
PAL,PAL1158,05/06/2025,20,PLY-342,1,34.32,52.86,58.15,50.22,52.86,Plywood,52.86
PAL,PAL1159,10/06/2025,10,ACE-941,3,25.16,38.1,41.91,36.2,38.1,Acero,114.3
PAL,PAL1159,10/06/2025,20,CEM-183,5,18.15,34.17,37.59,32.46,34.17,Cemento,170.85
PAL,PAL1159,10/06/2025,30,FER-117,1,18.36,34.18,37.6,32.47,34.18,Ferretería,34.18
PAL,PAL1159,10/06/2025,40,PLY-729,2,31.22,44.21,48.63,42.0,44.21,Plywood,88.42
PAL,PAL1160,17/05/2025,10,HER-800,3,13.95,26.05,28.66,24.75,26.05,Herramientas,78.15
PAL,PAL1161,19/03/2025,10,PLY-987,4,36.97,49.38,54.32,46.91,49.38,Plywood,197.52
PAL,PAL1161,19/03/2025,20,HER-853,5,9.85,16.83,18.51,15.99,16.83,Herramientas,84.15
PAL,PAL1161,19/03/2025,30,PIN-189,4,22.26,30.05,33.06,28.55,30.05,Pinturas,120.2
PAL,PAL1161,19/03/2025,40,CEM-771,2,21.82,30.72,33.79,29.18,30.72,Cemento,61.44
PAL,PAL1162,18/06/2026,10,PLY-670,5,36.15,60.54,66.59,57.51,60.54,Plywood,302.7
PAL,PAL1163,22/05/2026,10,PLY-279,1,34.13,55.53,61.08,52.75,55.53,Plywood,55.53
PAL,PAL1164,26/02/2025,10,PLY-284,5,20.48,30.02,33.02,28.52,30.02,Plywood,150.1
PAL,PAL1165,02/01/2025,10,CEM-100,3,36.05,50.77,55.85,48.23,50.77,Cemento,152.31
PAL,PAL1165,02/01/2025,20,CEM-338,1,35.71,49.58,54.54,47.1,49.58,Cemento,49.58
PAL,PAL1166,28/02/2025,10,CEM-782,3,36.09,55.95,61.55,53.15,55.95,Cemento,167.85
PAL,PAL1166,28/02/2025,20,PLY-236,1,14.88,24.96,27.46,23.71,24.96,Plywood,24.96
PAL,PAL1166,28/02/2025,30,TUB-867,1,22.85,32.44,35.68,30.82,32.44,Tuberías,32.44
PAL,PAL1167,26/09/2025,10,PLY-439,5,9.86,13.87,15.26,13.18,13.87,Plywood,69.35
PAL,PAL1167,26/09/2025,20,PLY-541,1,12.03,19.65,21.61,18.67,19.65,Plywood,19.65
PAL,PAL1168,26/06/2026,10,PIN-178,1,11.58,16.11,17.72,15.3,16.11,Pinturas,16.11
PAL,PAL1169,14/05/2026,10,PLY-561,1,27.15,35.45,39.0,33.68,35.45,Plywood,35.45
PAL,PAL1170,30/11/2025,10,TUB-893,1,36.49,60.85,66.94,57.81,60.85,Tuberías,60.85
PAL,PAL1170,30/11/2025,20,PLY-205,5,30.51,40.54,44.59,38.51,40.54,Plywood,202.7
PAL,PAL1170,30/11/2025,30,PIN-401,1,39.56,64.2,70.62,60.99,64.2,Pinturas,64.2
PAL,PAL1170,30/11/2025,40,PLY-302,3,25.7,41.85,46.04,39.76,41.85,Plywood,125.55
PAL,PAL1171,13/08/2025,10,FER-596,3,33.74,45.76,50.34,43.47,45.76,Ferretería,137.28
PAL,PAL1171,13/08/2025,20,CEM-660,4,22.96,43.54,47.89,41.36,43.54,Cemento,174.16
PAL,PAL1172,20/05/2026,10,TUB-305,1,23.34,31.42,34.56,29.85,31.42,Tuberías,31.42
PAL,PAL1172,20/05/2026,20,CEM-834,4,29.72,54.16,59.58,51.45,54.16,Cemento,216.64
PAL,PAL1173,06/09/2025,10,ACA-694,3,9.64,13.32,14.65,12.65,13.32,Acabados,39.96
PAL,PAL1174,09/02/2026,10,HER-343,4,16.56,25.28,27.81,24.02,25.28,Herramientas,101.12
PAL,PAL1174,09/02/2026,20,HER-911,4,27.2,37.89,41.68,36.0,37.89,Herramientas,151.56
PAL,PAL1174,09/02/2026,30,CEM-903,3,14.01,18.65,20.52,17.72,18.65,Cemento,55.95
PAL,PAL1175,01/07/2025,10,TUB-713,2,34.07,55.64,61.2,52.86,55.64,Tuberías,111.28
PAL,PAL1175,01/07/2025,20,ELÉ-516,2,10.52,15.63,17.19,14.85,15.63,Eléctrico,31.26
PAL,PAL1176,22/11/2025,10,PLY-869,1,11.78,18.4,20.24,17.48,18.4,Plywood,18.4
PAL,PAL1176,22/11/2025,20,CEM-540,1,12.55,19.5,21.45,18.52,19.5,Cemento,19.5
PAL,PAL1176,22/11/2025,30,TUB-532,1,11.64,17.9,19.69,17.0,17.9,Tuberías,17.9
PAL,PAL1176,22/11/2025,40,CEM-574,4,23.28,31.88,35.07,30.29,31.88,Cemento,127.52
PAL,PAL1177,20/02/2025,10,TUB-968,2,37.57,49.16,54.08,46.7,49.16,Tuberías,98.32
PAL,PAL1177,20/02/2025,20,ELÉ-146,4,20.02,32.71,35.98,31.07,32.71,Eléctrico,130.84
PAL,PAL1177,20/02/2025,30,CEM-581,4,37.6,63.3,69.63,60.13,63.3,Cemento,253.2
PAL,PAL1177,20/02/2025,40,PLY-165,2,37.34,60.95,67.05,57.9,60.95,Plywood,121.9
PAL,PAL1178,22/06/2026,10,PLY-977,1,21.31,28.99,31.89,27.54,28.99,Plywood,28.99
PAL,PAL1179,07/03/2025,10,ACE-971,3,23.78,37.49,41.24,35.62,37.49,Acero,112.47
PAL,PAL1179,07/03/2025,20,CEM-641,3,36.56,60.83,66.91,57.79,60.83,Cemento,182.49
PAL,PAL1179,07/03/2025,30,PIN-521,1,33.3,56.95,62.65,54.1,56.95,Pinturas,56.95
PAL,PAL1180,17/05/2026,10,PIN-217,2,23.53,39.25,43.18,37.29,39.25,Pinturas,78.5
PAL,PAL1180,17/05/2026,20,TUB-502,2,38.22,57.24,62.96,54.38,57.24,Tuberías,114.48
PAL,PAL1180,17/05/2026,30,PIN-484,1,26.79,45.59,50.15,43.31,45.59,Pinturas,45.59
PAL,PAL1180,17/05/2026,40,HER-611,1,27.83,47.55,52.3,45.17,47.55,Herramientas,47.55
PAL,PAL1181,09/10/2025,10,CEM-220,1,9.36,14.83,16.31,14.09,14.83,Cemento,14.83
PAL,PAL1181,09/10/2025,20,ACA-466,4,23.17,33.59,36.95,31.91,33.59,Acabados,134.36
PAL,PAL1181,09/10/2025,30,PLY-651,3,16.03,26.67,29.34,25.34,26.67,Plywood,80.01
PAL,PAL1182,28/04/2025,10,PLY-830,4,7.63,14.14,15.55,13.43,14.14,Plywood,56.56
PAL,PAL1182,28/04/2025,20,PLY-952,3,21.17,31.15,34.27,29.59,31.15,Plywood,93.45
PAL,PAL1182,28/04/2025,30,ELÉ-261,1,12.91,24.39,26.83,23.17,24.39,Eléctrico,24.39
PAL,PAL1182,28/04/2025,40,PLY-128,2,34.05,49.21,54.13,46.75,49.21,Plywood,98.42
PAL,PAL1183,17/02/2026,10,PIN-677,5,19.38,30.5,33.55,28.97,30.5,Pinturas,152.5
PAL,PAL1183,17/02/2026,20,PLY-734,4,24.14,38.61,42.47,36.68,38.61,Plywood,154.44
PAL,PAL1184,22/05/2025,10,PLY-291,2,15.63,21.01,23.11,19.96,21.01,Plywood,42.02
PAL,PAL1184,22/05/2025,20,TUB-841,4,6.48,10.34,11.37,9.82,10.34,Tuberías,41.36
PAL,PAL1185,22/01/2025,10,FER-684,4,11.23,17.62,19.38,16.74,17.62,Ferretería,70.48
PAL,PAL1185,22/01/2025,20,CEM-839,3,9.72,15.84,17.42,15.05,15.84,Cemento,47.52
PAL,PAL1185,22/01/2025,30,CEM-251,2,12.29,16.92,18.61,16.07,16.92,Cemento,33.84
PAL,PAL1186,06/05/2025,10,TUB-567,2,18.62,27.32,30.05,25.95,27.32,Tuberías,54.64
PAL,PAL1186,06/05/2025,20,PLY-497,4,19.35,34.25,37.68,32.54,34.25,Plywood,137.0
PAL,PAL1186,06/05/2025,30,PLY-450,3,31.56,46.73,51.4,44.39,46.73,Plywood,140.19
PAL,PAL1186,06/05/2025,40,PIN-569,5,34.92,66.02,72.62,62.72,66.02,Pinturas,330.1
PAL,PAL1187,15/08/2025,10,PLY-408,1,24.34,38.39,42.23,36.47,38.39,Plywood,38.39
PAL,PAL1187,15/08/2025,20,CEM-123,1,39.63,55.91,61.5,53.11,55.91,Cemento,55.91
PAL,PAL1187,15/08/2025,30,CEM-147,1,6.85,13.0,14.3,12.35,13.0,Cemento,13.0
PAL,PAL1187,15/08/2025,40,CEM-336,4,23.8,38.8,42.68,36.86,38.8,Cemento,155.2
PAL,PAL1188,06/06/2026,10,ACA-161,1,31.36,54.55,60.01,51.82,54.55,Acabados,54.55
PAL,PAL1189,10/11/2025,10,ELÉ-934,3,26.71,48.66,53.53,46.23,48.66,Eléctrico,145.98
PAL,PAL1190,16/01/2025,10,ACE-139,2,34.11,60.92,67.01,57.87,60.92,Acero,121.84
PAL,PAL1190,16/01/2025,20,PLY-162,5,26.43,48.73,53.6,46.29,48.73,Plywood,243.65
PAL,PAL1190,16/01/2025,30,CEM-606,5,16.5,22.55,24.81,21.42,22.55,Cemento,112.75
PAL,PAL1190,16/01/2025,40,CEM-879,2,31.07,50.42,55.46,47.9,50.42,Cemento,100.84
PAL,PAL1191,11/04/2026,10,TUB-336,1,34.84,63.11,69.42,59.95,63.11,Tuberías,63.11
PAL,PAL1191,11/04/2026,20,ACA-991,3,20.01,27.33,30.06,25.96,27.33,Acabados,81.99
PAL,PAL1192,19/04/2026,10,CEM-939,2,30.96,43.15,47.47,40.99,43.15,Cemento,86.3
PAL,PAL1193,26/03/2026,10,ACE-345,1,12.25,19.18,21.1,18.22,19.18,Acero,19.18
PAL,PAL1193,26/03/2026,20,TUB-465,3,29.56,49.27,54.2,46.81,49.27,Tuberías,147.81
PAL,PAL1193,26/03/2026,30,PLY-530,1,26.13,47.6,52.36,45.22,47.6,Plywood,47.6
PAL,PAL1194,10/01/2026,10,CEM-998,4,18.58,32.51,35.76,30.88,32.51,Cemento,130.04
PAL,PAL1195,08/06/2026,10,PLY-928,5,32.08,54.21,59.63,51.5,54.21,Plywood,271.05
PAL,PAL1195,08/06/2026,20,PLY-271,4,38.69,73.34,80.67,69.67,73.34,Plywood,293.36
PAL,PAL1195,08/06/2026,30,CEM-908,4,33.96,56.71,62.38,53.87,56.71,Cemento,226.84
PAL,PAL1196,18/02/2026,10,PLY-280,5,14.97,25.12,27.63,23.86,25.12,Plywood,125.6
PAL,PAL1196,18/02/2026,20,PLY-669,3,21.04,38.7,42.57,36.77,38.7,Plywood,116.1
PAL,PAL1196,18/02/2026,30,TUB-744,5,31.22,57.77,63.55,54.88,57.77,Tuberías,288.85
PAL,PAL1197,20/07/2025,10,TUB-429,2,33.17,43.28,47.61,41.12,43.28,Tuberías,86.56
PAL,PAL1197,20/07/2025,20,PLY-191,5,6.6,9.57,10.53,9.09,9.57,Plywood,47.85
PAL,PAL1197,20/07/2025,30,PLY-908,1,34.43,49.25,54.18,46.79,49.25,Plywood,49.25
PAL,PAL1197,20/07/2025,40,CEM-648,1,25.81,34.16,37.58,32.45,34.16,Cemento,34.16
PAL,PAL1198,07/06/2025,10,PIN-659,3,35.5,60.52,66.57,57.49,60.52,Pinturas,181.56
PAL,PAL1199,09/08/2025,10,CEM-920,2,21.84,35.25,38.78,33.49,35.25,Cemento,70.5
PAL,PAL1199,09/08/2025,20,HER-860,2,20.5,28.08,30.89,26.68,28.08,Herramientas,56.16
PAL,PAL1199,09/08/2025,30,PLY-770,1,6.2,11.02,12.12,10.47,11.02,Plywood,11.02
PAL,PAL1199,09/08/2025,40,PLY-952,2,32.78,43.57,47.93,41.39,43.57,Plywood,87.14
