Invoice No,Date,Line,Product Code,Invoice Quantity,Unit Cost,Net Unit Price,Price List,Price Limit,Price Std,Category Name,Total
PAL1000,24/02/2026,10,TUB-721,4,14.92,20.97,23.07,19.92,20.97,Tuberías,83.88
PAL1000,24/02/2026,20,SEG-715,4,35.36,46.95,51.65,44.6,46.95,Seguridad,187.8
PAL1000,24/02/2026,30,PLY-271,3,25.39,44.95,49.45,42.7,44.95,Plywood,134.85
PAL1001,24/06/2026,10,CEM-487,2,20.87,33.09,36.4,31.44,33.09,Cemento,66.18
PAL1001,24/06/2026,20,CEM-946,4,8.8,12.23,13.45,11.62,12.23,Cemento,48.92
PAL1001,24/06/2026,30,PLY-998,1,8.37,13.52,14.87,12.84,13.52,Plywood,13.52
PAL1002,26/05/2025,10,CEM-717,2,9.11,13.94,15.33,13.24,13.94,Cemento,27.88
PAL1002,26/05/2025,20,TUB-634,4,5.04,9.37,10.31,8.9,9.37,Tuberías,37.48
PAL1002,26/05/2025,30,CEM-334,4,35.62,58.39,64.23,55.47,58.39,Cemento,233.56
PAL1003,26/03/2025,10,PIN-535,1,18.34,29.1,32.01,27.64,29.1,Pinturas,29.1
PAL1003,26/03/2025,20,PLY-390,1,21.7,32.24,35.46,30.63,32.24,Plywood,32.24
PAL1004,20/01/2026,10,CEM-691,1,11.62,19.12,21.03,18.16,19.12,Cemento,19.12
PAL1004,20/01/2026,20,CEM-804,2,23.19,34.24,37.66,32.53,34.24,Cemento,68.48
PAL1004,20/01/2026,30,PIN-767,4,19.31,25.94,28.53,24.64,25.94,Pinturas,103.76
PAL1005,19/03/2025,10,CEM-796,3,23.76,37.36,41.1,35.49,37.36,Cemento,112.08
PAL1005,19/03/2025,20,CEM-283,4,12.13,18.99,20.89,18.04,18.99,Cemento,75.96
PAL1006,12/03/2025,10,TUB-892,3,13.88,21.14,23.25,20.08,21.14,Tuberías,63.42
PAL1006,12/03/2025,20,TUB-865,1,30.75,55.8,61.38,53.01,55.8,Tuberías,55.8
PAL1006,12/03/2025,30,CEM-319,1,32.41,57.24,62.96,54.38,57.24,Cemento,57.24
PAL1007,17/11/2025,10,PIN-264,1,33.03,52.82,58.1,50.18,52.82,Pinturas,52.82
PAL1007,17/11/2025,20,CEM-582,2,27.26,46.15,50.77,43.84,46.15,Cemento,92.3
PAL1008,20/08/2025,10,PLY-841,1,14.21,22.16,24.38,21.05,22.16,Plywood,22.16
PAL1008,20/08/2025,20,CEM-828,3,39.46,63.02,69.32,59.87,63.02,Cemento,189.06
PAL1009,20/09/2025,10,ACA-110,4,33.71,55.72,61.29,52.93,55.72,Acabados,222.88
PAL1010,07/11/2025,10,FER-729,2,23.14,32.71,35.98,31.07,32.71,Ferretería,65.42
PAL1010,07/11/2025,20,PLY-261,1,6.26,9.32,10.25,8.85,9.32,Plywood,9.32
PAL1010,07/11/2025,30,PLY-515,4,14.66,23.08,25.39,21.93,23.08,Plywood,92.32
PAL1011,19/03/2025,10,CEM-662,1,30.79,40.71,44.78,38.67,40.71,Cemento,40.71
PAL1012,10/12/2025,10,PIN-331,3,37.03,54.25,59.68,51.54,54.25,Pinturas,162.75
PAL1012,10/12/2025,20,TUB-367,1,11.81,21.9,24.09,20.8,21.9,Tuberías,21.9
PAL1012,10/12/2025,30,PLY-448,3,22.72,37.7,41.47,35.81,37.7,Plywood,113.1
PAL1013,04/04/2025,10,ACA-810,3,35.66,62.13,68.34,59.02,62.13,Acabados,186.39
PAL1013,04/04/2025,20,CEM-875,2,18.2,27.87,30.66,26.48,27.87,Cemento,55.74
PAL1013,04/04/2025,30,CEM-593,1,32.15,52.44,57.68,49.82,52.44,Cemento,52.44
PAL1014,04/06/2025,10,PLY-919,2,27.18,51.41,56.55,48.84,51.41,Plywood,102.82
PAL1014,04/06/2025,20,CEM-817,1,38.44,59.5,65.45,56.52,59.5,Cemento,59.5
PAL1015,27/01/2026,10,CEM-177,3,8.26,13.44,14.78,12.77,13.44,Cemento,40.32
PAL1015,27/01/2026,20,TUB-687,2,11.25,17.18,18.9,16.32,17.18,Tuberías,34.36
PAL1016,09/03/2025,10,ACA-854,4,28.91,51.82,57.0,49.23,51.82,Acabados,207.28
PAL1017,07/03/2025,10,PIN-954,2,35.55,49.55,54.51,47.07,49.55,Pinturas,99.1
PAL1018,08/06/2025,10,CEM-792,1,32.26,43.49,47.84,41.32,43.49,Cemento,43.49
PAL1018,08/06/2025,20,ACA-968,1,22.24,29.47,32.42,28.0,29.47,Acabados,29.47
PAL1018,08/06/2025,30,CEM-602,3,26.72,41.04,45.14,38.99,41.04,Cemento,123.12
PAL1019,06/01/2025,10,CEM-638,1,12.77,20.15,22.16,19.14,20.15,Cemento,20.15
PAL1019,06/01/2025,20,PIN-503,3,21.74,33.96,37.36,32.26,33.96,Pinturas,101.88
PAL1019,06/01/2025,30,ACE-815,1,32.16,44.94,49.43,42.69,44.94,Acero,44.94
PAL1020,17/05/2026,10,CEM-694,4,5.29,8.61,9.47,8.18,8.61,Cemento,34.44
PAL1020,17/05/2026,20,PLY-661,2,17.66,32.16,35.38,30.55,32.16,Plywood,64.32
PAL1021,09/12/2025,10,CEM-610,2,38.55,56.31,61.94,53.49,56.31,Cemento,112.62
PAL1022,14/01/2026,10,CEM-386,4,31.33,46.11,50.72,43.8,46.11,Cemento,184.44
PAL1023,15/10/2025,10,TUB-838,1,39.27,67.73,74.5,64.34,67.73,Tuberías,67.73
PAL1024,09/11/2025,10,TUB-584,2,34.97,51.2,56.32,48.64,51.2,Tuberías,102.4
PAL1025,26/07/2025,10,PLY-904,3,22.49,42.55,46.8,40.42,42.55,Plywood,127.65
PAL1026,16/03/2026,10,CEM-807,1,35.05,45.98,50.58,43.68,45.98,Cemento,45.98
PAL1026,16/03/2026,20,PLY-560,1,12.54,18.77,20.65,17.83,18.77,Plywood,18.77
PAL1027,24/06/2025,10,CEM-452,3,17.61,27.62,30.38,26.24,27.62,Cemento,82.86
PAL1027,24/06/2025,20,PLY-690,2,9.24,16.85,18.54,16.01,16.85,Plywood,33.7
PAL1028,19/04/2025,10,TUB-432,3,11.11,19.72,21.69,18.73,19.72,Tuberías,59.16
PAL1028,19/04/2025,20,TUB-490,1,22.06,38.64,42.5,36.71,38.64,Tuberías,38.64
PAL1028,19/04/2025,30,TUB-755,2,21.23,39.67,43.64,37.69,39.67,Tuberías,79.34
PAL1029,26/03/2025,10,CEM-181,1,26.43,39.42,43.36,37.45,39.42,Cemento,39.42
PAL1029,26/03/2025,20,PLY-827,3,12.99,19.88,21.87,18.89,19.88,Plywood,59.64
PAL1030,09/01/2025,10,TUB-865,3,14.49,23.13,25.44,21.97,23.13,Tuberías,69.39
PAL1030,09/01/2025,20,TUB-974,2,38.79,61.29,67.42,58.23,61.29,Tuberías,122.58
PAL1030,09/01/2025,30,PLY-315,1,30.47,52.24,57.46,49.63,52.24,Plywood,52.24
PAL1031,06/11/2025,10,PLY-126,1,7.23,13.23,14.55,12.57,13.23,Plywood,13.23
PAL1031,06/11/2025,20,PIN-368,1,23.34,41.82,46.0,39.73,41.82,Pinturas,41.82
PAL1032,20/09/2025,10,PLY-353,2,37.61,59.02,64.92,56.07,59.02,Plywood,118.04
PAL1033,24/11/2025,10,CEM-129,2,9.42,14.63,16.09,13.9,14.63,Cemento,29.26
PAL1033,24/11/2025,20,PLY-578,4,17.49,32.34,35.57,30.72,32.34,Plywood,129.36
PAL1034,28/02/2025,10,FER-705,2,24.2,33.47,36.82,31.8,33.47,Ferretería,66.94
PAL1034,28/02/2025,20,TUB-636,4,27.09,46.0,50.6,43.7,46.0,Tuberías,184.0
PAL1034,28/02/2025,30,TUB-652,4,23.68,43.65,48.02,41.47,43.65,Tuberías,174.6
PAL1035,08/04/2025,10,CEM-110,3,17.8,25.25,27.78,23.99,25.25,Cemento,75.75
PAL1036,01/04/2025,10,PIN-647,4,34.68,50.73,55.8,48.19,50.73,Pinturas,202.92
PAL1036,01/04/2025,20,PLY-406,4,37.27,69.55,76.51,66.07,69.55,Plywood,278.2
PAL1036,01/04/2025,30,PLY-915,2,20.07,30.46,33.51,28.94,30.46,Plywood,60.92
PAL1037,01/06/2025,10,CEM-355,4,19.41,30.48,33.53,28.96,30.48,Cemento,121.92
PAL1037,01/06/2025,20,PLY-325,4,30.8,48.33,53.16,45.91,48.33,Plywood,193.32
PAL1037,01/06/2025,30,CEM-391,3,19.78,27.86,30.65,26.47,27.86,Cemento,83.58
PAL1038,21/08/2025,10,CEM-286,1,14.41,19.92,21.91,18.92,19.92,Cemento,19.92
PAL1038,21/08/2025,20,PLY-378,4,8.86,14.21,15.63,13.5,14.21,Plywood,56.84
PAL1038,21/08/2025,30,TUB-150,2,22.22,34.01,37.41,32.31,34.01,Tuberías,68.02
PAL1039,18/04/2025,10,CEM-844,4,8.58,12.21,13.43,11.6,12.21,Cemento,48.84
PAL1040,01/02/2026,10,PLY-419,4,5.52,8.15,8.97,7.74,8.15,Plywood,32.6
PAL1041,26/11/2025,10,SEG-182,3,21.23,34.61,38.07,32.88,34.61,Seguridad,103.83
PAL1041,26/11/2025,20,PIN-173,4,38.31,50.48,55.53,47.96,50.48,Pinturas,201.92
PAL1042,18/06/2026,10,PLY-948,4,36.35,54.34,59.77,51.62,54.34,Plywood,217.36
PAL1042,18/06/2026,20,PLY-889,4,39.11,68.15,74.97,64.74,68.15,Plywood,272.6
PAL1043,15/03/2026,10,PIN-633,1,6.17,9.39,10.33,8.92,9.39,Pinturas,9.39
PAL1044,22/06/2026,10,CEM-262,3,28.85,41.69,45.86,39.61,41.69,Cemento,125.07
PAL1045,21/01/2025,10,PLY-592,3,37.81,61.98,68.18,58.88,61.98,Plywood,185.94
PAL1045,21/01/2025,20,TUB-215,2,11.96,21.91,24.1,20.81,21.91,Tuberías,43.82
PAL1045,21/01/2025,30,CEM-698,3,20.2,26.17,28.79,24.86,26.17,Cemento,78.51
PAL1046,04/01/2026,10,PIN-804,4,5.31,6.96,7.66,6.61,6.96,Pinturas,27.84
PAL1046,04/01/2026,20,TUB-611,2,18.0,25.33,27.86,24.06,25.33,Tuberías,50.66
PAL1047,03/10/2025,10,TUB-161,1,37.58,71.04,78.14,67.49,71.04,Tuberías,71.04
PAL1047,03/10/2025,20,CEM-228,1,10.39,16.19,17.81,15.38,16.19,Cemento,16.19
PAL1047,03/10/2025,30,CEM-924,3,16.09,25.25,27.78,23.99,25.25,Cemento,75.75
PAL1048,15/05/2026,10,CEM-356,2,29.12,42.75,47.03,40.61,42.75,Cemento,85.5
PAL1048,15/05/2026,20,ELÉ-655,3,21.99,26.36,29.0,25.04,26.36,Eléctrico,79.08
PAL1048,15/05/2026,30,TUB-431,3,11.64,16.98,18.68,16.13,16.98,Tuberías,50.94
PAL1049,24/12/2025,10,CEM-170,2,34.1,59.62,65.58,56.64,59.62,Cemento,119.24
PAL1049,24/12/2025,20,CEM-564,3,20.73,35.25,38.78,33.49,35.25,Cemento,105.75
PAL1050,01/12/2025,10,CEM-894,3,30.68,53.16,58.48,50.5,53.16,Cemento,159.48
PAL1050,01/12/2025,20,TUB-294,4,16.22,22.6,24.86,21.47,22.6,Tuberías,90.4
PAL1050,01/12/2025,30,CEM-430,3,22.41,35.08,38.59,33.33,35.08,Cemento,105.24
PAL1051,14/06/2026,10,CEM-955,1,8.37,13.56,14.92,12.88,13.56,Cemento,13.56
PAL1051,14/06/2026,20,FER-597,1,11.25,14.96,16.46,14.21,14.96,Ferretería,14.96
PAL1051,14/06/2026,30,CEM-773,4,6.11,9.84,10.82,9.35,9.84,Cemento,39.36
PAL1052,16/01/2026,10,TUB-720,2,25.66,35.56,39.12,33.78,35.56,Tuberías,71.12
PAL1052,16/01/2026,20,TUB-952,4,5.46,10.1,11.11,9.59,10.1,Tuberías,40.4
PAL1052,16/01/2026,30,PLY-941,4,33.04,46.06,50.67,43.76,46.06,Plywood,184.24
PAL1053,12/06/2025,10,PLY-954,1,26.59,43.7,48.07,41.52,43.7,Plywood,43.7
PAL1053,12/06/2025,20,CEM-203,1,38.06,67.43,74.17,64.06,67.43,Cemento,67.43
PAL1053,12/06/2025,30,TUB-683,2,23.61,34.48,37.93,32.76,34.48,Tuberías,68.96
PAL1054,21/05/2026,10,TUB-790,3,24.53,43.09,47.4,40.94,43.09,Tuberías,129.27
PAL1055,15/05/2026,10,TUB-663,2,35.9,52.0,57.2,49.4,52.0,Tuberías,104.0
PAL1055,15/05/2026,20,CEM-460,4,16.81,22.99,25.29,21.84,22.99,Cemento,91.96
PAL1055,15/05/2026,30,ELÉ-522,3,24.25,33.68,37.05,32.0,33.68,Eléctrico,101.04
PAL1056,25/09/2025,10,CEM-484,2,30.41,48.48,53.33,46.06,48.48,Cemento,96.96
PAL1056,25/09/2025,20,PIN-558,4,37.42,53.05,58.36,50.4,53.05,Pinturas,212.2
PAL1056,25/09/2025,30,ACA-710,3,5.01,6.71,7.38,6.37,6.71,Acabados,20.13
PAL1057,01/11/2025,10,PLY-319,2,36.16,49.36,54.3,46.89,49.36,Plywood,98.72
PAL1057,01/11/2025,20,ACE-666,3,5.76,9.02,9.92,8.57,9.02,Acero,27.06
PAL1057,01/11/2025,30,CEM-138,1,24.97,39.35,43.29,37.38,39.35,Cemento,39.35
PAL1058,15/05/2025,10,PLY-338,2,14.27,26.19,28.81,24.88,26.19,Plywood,52.38
PAL1058,15/05/2025,20,CEM-851,2,15.51,24.43,26.87,23.21,24.43,Cemento,48.86
PAL1059,03/05/2026,10,CEM-709,1,21.89,33.57,36.93,31.89,33.57,Cemento,33.57
PAL1059,03/05/2026,20,TUB-180,4,6.31,11.29,12.42,10.73,11.29,Tuberías,45.16
PAL1059,03/05/2026,30,PIN-526,4,37.27,54.34,59.77,51.62,54.34,Pinturas,217.36
PAL1060,28/03/2026,10,ELÉ-749,1,12.94,16.46,18.11,15.64,16.46,Eléctrico,16.46
PAL1061,25/08/2025,10,CEM-434,2,15.67,20.5,22.55,19.47,20.5,Cemento,41.0
PAL1061,25/08/2025,20,CEM-556,4,12.73,16.72,18.39,15.88,16.72,Cemento,66.88
PAL1061,25/08/2025,30,PIN-396,4,25.13,33.54,36.89,31.86,33.54,Pinturas,134.16
PAL1062,26/03/2026,10,PLY-661,1,16.77,27.09,29.8,25.74,27.09,Plywood,27.09
PAL1062,26/03/2026,20,CEM-880,2,7.98,12.29,13.52,11.68,12.29,Cemento,24.58
PAL1063,05/10/2025,10,TUB-674,2,22.08,37.69,41.46,35.81,37.69,Tuberías,75.38
PAL1063,05/10/2025,20,TUB-372,1,30.75,45.84,50.42,43.55,45.84,Tuberías,45.84
PAL1064,25/01/2025,10,CEM-533,4,37.34,49.77,54.75,47.28,49.77,Cemento,199.08
PAL1064,25/01/2025,20,CEM-888,1,11.67,17.05,18.76,16.2,17.05,Cemento,17.05
PAL1065,10/04/2026,10,SEG-738,4,26.57,45.88,50.47,43.59,45.88,Seguridad,183.52
PAL1066,05/04/2025,10,PLY-259,3,33.64,49.38,54.32,46.91,49.38,Plywood,148.14
PAL1066,05/04/2025,20,PIN-348,1,34.85,46.91,51.6,44.56,46.91,Pinturas,46.91
PAL1067,20/11/2025,10,ACE-412,1,33.7,40.16,44.18,38.15,40.16,Acero,40.16
PAL1068,15/06/2026,10,PLY-659,2,12.32,20.31,22.34,19.29,20.31,Plywood,40.62
PAL1068,15/06/2026,20,CEM-811,2,14.05,21.51,23.66,20.43,21.51,Cemento,43.02
PAL1069,23/03/2025,10,PLY-361,1,25.41,43.58,47.94,41.4,43.58,Plywood,43.58
PAL1069,23/03/2025,20,PLY-154,3,14.94,26.62,29.28,25.29,26.62,Plywood,79.86
PAL1069,23/03/2025,30,CEM-778,3,38.08,50.31,55.34,47.79,50.31,Cemento,150.93
PAL1070,28/06/2026,10,CEM-336,4,8.78,12.6,13.86,11.97,12.6,Cemento,50.4
PAL1070,28/06/2026,20,HER-596,3,22.8,30.09,33.1,28.59,30.09,Herramientas,90.27
PAL1070,28/06/2026,30,ACE-674,4,23.6,30.01,33.01,28.51,30.01,Acero,120.04
PAL1071,23/11/2025,10,PLY-502,4,37.28,56.82,62.5,53.98,56.82,Plywood,227.28
PAL1072,24/01/2025,10,PLY-341,3,28.95,44.9,49.39,42.65,44.9,Plywood,134.7
PAL1073,17/01/2025,10,PIN-668,1,26.9,46.61,51.27,44.28,46.61,Pinturas,46.61
PAL1073,17/01/2025,20,ACA-772,4,12.9,19.33,21.26,18.36,19.33,Acabados,77.32
PAL1074,05/01/2026,10,PIN-527,2,23.23,37.9,41.69,36.0,37.9,Pinturas,75.8
PAL1075,08/02/2026,10,PLY-559,3,38.97,71.95,79.15,68.35,71.95,Plywood,215.85
PAL1075,08/02/2026,20,TUB-983,2,12.24,17.55,19.31,16.67,17.55,Tuberías,35.1
PAL1075,08/02/2026,30,PLY-540,2,29.1,53.56,58.92,50.88,53.56,Plywood,107.12
PAL1076,25/04/2026,10,TUB-670,1,24.77,35.76,39.34,33.97,35.76,Tuberías,35.76
PAL1077,18/09/2025,10,PLY-883,1,16.12,29.5,32.45,28.02,29.5,Plywood,29.5
PAL1077,18/09/2025,20,CEM-553,3,39.05,69.2,76.12,65.74,69.2,Cemento,207.6
PAL1077,18/09/2025,30,PIN-255,3,33.76,54.38,59.82,51.66,54.38,Pinturas,163.14
PAL1078,25/02/2025,10,PLY-720,3,11.47,20.28,22.31,19.27,20.28,Plywood,60.84
PAL1079,19/11/2025,10,CEM-181,3,13.13,21.46,23.61,20.39,21.46,Cemento,64.38
PAL1079,19/11/2025,20,TUB-829,4,21.68,35.27,38.8,33.51,35.27,Tuberías,141.08
PAL1079,19/11/2025,30,TUB-240,4,11.44,17.91,19.7,17.01,17.91,Tuberías,71.64
PAL1080,06/01/2026,10,CEM-522,3,19.3,34.27,37.7,32.56,34.27,Cemento,102.81
PAL1081,08/06/2026,10,TUB-549,2,12.1,17.77,19.55,16.88,17.77,Tuberías,35.54
PAL1081,08/06/2026,20,ACE-352,4,22.15,29.59,32.55,28.11,29.59,Acero,118.36
PAL1081,08/06/2026,30,CEM-837,4,32.17,51.28,56.41,48.72,51.28,Cemento,205.12
PAL1082,11/02/2026,10,TUB-633,1,30.99,51.93,57.12,49.33,51.93,Tuberías,51.93
PAL1082,11/02/2026,20,PLY-631,2,20.99,38.4,42.24,36.48,38.4,Plywood,76.8
PAL1083,18/01/2026,10,SEG-294,1,6.37,9.13,10.04,8.67,9.13,Seguridad,9.13
PAL1083,18/01/2026,20,CEM-572,3,18.93,27.28,30.01,25.92,27.28,Cemento,81.84
PAL1084,06/05/2026,10,CEM-574,2,37.17,60.79,66.87,57.75,60.79,Cemento,121.58
PAL1084,06/05/2026,20,PIN-284,1,20.81,34.42,37.86,32.7,34.42,Pinturas,34.42
PAL1085,25/02/2026,10,FER-431,4,29.36,40.61,44.67,38.58,40.61,Ferretería,162.44
PAL1085,25/02/2026,20,CEM-565,2,11.26,17.85,19.64,16.96,17.85,Cemento,35.7
PAL1085,25/02/2026,30,PLY-835,2,16.34,27.9,30.69,26.5,27.9,Plywood,55.8
PAL1086,24/03/2025,10,PLY-636,1,29.72,50.51,55.56,47.98,50.51,Plywood,50.51
PAL1087,23/10/2025,10,TUB-487,2,39.13,65.95,72.55,62.65,65.95,Tuberías,131.9
PAL1087,23/10/2025,20,TUB-679,3,6.54,9.49,10.44,9.02,9.49,Tuberías,28.47
PAL1088,28/06/2025,10,ACE-529,1,10.67,13.36,14.7,12.69,13.36,Acero,13.36
PAL1088,28/06/2025,20,CEM-741,3,30.56,54.15,59.57,51.44,54.15,Cemento,162.45
PAL1088,28/06/2025,30,PLY-737,1,36.45,68.28,75.11,64.87,68.28,Plywood,68.28
PAL1089,25/02/2025,10,PLY-722,1,22.42,36.48,40.13,34.66,36.48,Plywood,36.48
PAL1089,25/02/2025,20,ELÉ-564,4,13.33,16.67,18.34,15.84,16.67,Eléctrico,66.68
PAL1090,14/01/2025,10,PLY-734,3,26.0,38.79,42.67,36.85,38.79,Plywood,116.37
PAL1090,14/01/2025,20,TUB-251,2,33.7,49.55,54.51,47.07,49.55,Tuberías,99.1
PAL1091,02/03/2026,10,CEM-439,3,10.09,13.16,14.48,12.5,13.16,Cemento,39.48
PAL1091,02/03/2026,20,FER-265,2,6.72,10.27,11.3,9.76,10.27,Ferretería,20.54
PAL1091,02/03/2026,30,TUB-566,2,26.39,45.59,50.15,43.31,45.59,Tuberías,91.18
PAL1092,24/11/2025,10,CEM-477,3,6.25,10.47,11.52,9.95,10.47,Cemento,31.41
PAL1092,24/11/2025,20,ELÉ-399,1,33.71,44.09,48.5,41.89,44.09,Eléctrico,44.09
PAL1092,24/11/2025,30,CEM-639,3,9.27,15.95,17.55,15.15,15.95,Cemento,47.85
PAL1093,14/11/2025,10,CEM-595,1,12.32,16.23,17.85,15.42,16.23,Cemento,16.23
PAL1093,14/11/2025,20,TUB-537,3,26.17,46.56,51.22,44.23,46.56,Tuberías,139.68
PAL1093,14/11/2025,30,TUB-232,3,16.08,26.36,29.0,25.04,26.36,Tuberías,79.08
PAL1094,20/04/2025,10,CEM-724,2,30.52,46.96,51.66,44.61,46.96,Cemento,93.92
PAL1094,20/04/2025,20,CEM-124,1,15.17,21.01,23.11,19.96,21.01,Cemento,21.01
PAL1094,20/04/2025,30,CEM-918,2,32.89,54.57,60.03,51.84,54.57,Cemento,109.14
PAL1095,20/04/2025,10,CEM-111,2,16.68,26.19,28.81,24.88,26.19,Cemento,52.38
PAL1095,20/04/2025,20,TUB-415,1,29.15,43.58,47.94,41.4,43.58,Tuberías,43.58
PAL1096,10/09/2025,10,TUB-449,3,31.85,45.24,49.76,42.98,45.24,Tuberías,135.72
PAL1096,10/09/2025,20,CEM-298,2,24.91,44.13,48.54,41.92,44.13,Cemento,88.26
PAL1096,10/09/2025,30,CEM-916,4,16.83,27.37,30.11,26.0,27.37,Cemento,109.48
PAL1097,02/12/2025,10,PLY-573,3,10.44,16.78,18.46,15.94,16.78,Plywood,50.34
PAL1097,02/12/2025,20,PIN-678,3,19.49,32.43,35.67,30.81,32.43,Pinturas,97.29
PAL1097,02/12/2025,30,TUB-691,2,16.04,26.38,29.02,25.06,26.38,Tuberías,52.76
PAL1098,22/09/2025,10,PIN-387,2,36.08,52.96,58.26,50.31,52.96,Pinturas,105.92
PAL1098,22/09/2025,20,PIN-684,2,16.87,24.95,27.45,23.7,24.95,Pinturas,49.9
PAL1099,20/01/2025,10,CEM-822,3,9.09,15.29,16.82,14.53,15.29,Cemento,45.87
PAL1099,20/01/2025,20,ACE-608,1,29.84,39.12,43.03,37.16,39.12,Acero,39.12
PAL1100,08/01/2026,10,CEM-279,3,38.28,53.46,58.81,50.79,53.46,Cemento,160.38
PAL1100,08/01/2026,20,PLY-554,1,32.47,57.67,63.44,54.79,57.67,Plywood,57.67
PAL1101,17/11/2025,10,PIN-595,3,36.67,50.13,55.14,47.62,50.13,Pinturas,150.39
PAL1102,24/12/2025,10,CEM-941,1,16.46,27.58,30.34,26.2,27.58,Cemento,27.58
PAL1102,24/12/2025,20,HER-841,2,23.07,32.93,36.22,31.28,32.93,Herramientas,65.86
PAL1102,24/12/2025,30,PLY-104,1,18.57,33.84,37.22,32.15,33.84,Plywood,33.84
PAL1103,10/12/2025,10,TUB-147,4,25.8,36.28,39.91,34.47,36.28,Tuberías,145.12
PAL1104,04/02/2026,10,PIN-754,3,31.09,40.44,44.48,38.42,40.44,Pinturas,121.32
PAL1104,04/02/2026,20,ELÉ-645,3,16.23,18.1,19.91,17.2,18.1,Eléctrico,54.3
PAL1104,04/02/2026,30,CEM-261,2,20.44,27.53,30.28,26.15,27.53,Cemento,55.06
PAL1105,09/12/2025,10,PLY-655,2,26.8,43.83,48.21,41.64,43.83,Plywood,87.66
PAL1106,12/01/2026,10,CEM-687,3,9.95,16.34,17.97,15.52,16.34,Cemento,49.02
PAL1106,12/01/2026,20,CEM-653,3,7.49,11.96,13.16,11.36,11.96,Cemento,35.88
PAL1106,12/01/2026,30,CEM-208,1,9.55,14.56,16.02,13.83,14.56,Cemento,14.56
PAL1107,13/01/2025,10,PLY-731,4,18.72,32.52,35.77,30.89,32.52,Plywood,130.08
PAL1108,12/05/2026,10,CEM-873,1,11.94,19.94,21.93,18.94,19.94,Cemento,19.94
PAL1108,12/05/2026,20,PIN-199,4,24.87,33.23,36.55,31.57,33.23,Pinturas,132.92
PAL1109,15/02/2025,10,TUB-329,2,29.86,48.0,52.8,45.6,48.0,Tuberías,96.0
PAL1109,15/02/2025,20,PLY-501,3,36.35,54.49,59.94,51.77,54.49,Plywood,163.47
PAL1110,06/03/2026,10,FER-564,3,16.56,29.08,31.99,27.63,29.08,Ferretería,87.24
PAL1110,06/03/2026,20,CEM-572,4,7.29,9.8,10.78,9.31,9.8,Cemento,39.2
PAL1110,06/03/2026,30,PIN-620,2,14.88,21.8,23.98,20.71,21.8,Pinturas,43.6
PAL1111,04/05/2025,10,PIN-911,1,32.89,47.82,52.6,45.43,47.82,Pinturas,47.82
PAL1111,04/05/2025,20,CEM-735,2,21.13,33.5,36.85,31.82,33.5,Cemento,67.0
PAL1112,08/02/2025,10,PLY-933,2,21.88,30.56,33.62,29.03,30.56,Plywood,61.12
PAL1112,08/02/2025,20,TUB-657,3,20.09,37.8,41.58,35.91,37.8,Tuberías,113.4
PAL1112,08/02/2025,30,TUB-217,4,11.06,18.98,20.88,18.03,18.98,Tuberías,75.92
PAL1113,19/02/2026,10,CEM-415,2,24.43,41.58,45.74,39.5,41.58,Cemento,83.16
PAL1113,19/02/2026,20,ACA-435,4,7.44,10.25,11.28,9.74,10.25,Acabados,41.0
PAL1113,19/02/2026,30,CEM-694,2,28.11,37.48,41.23,35.61,37.48,Cemento,74.96
PAL1114,25/10/2025,10,PIN-644,4,31.5,51.12,56.23,48.56,51.12,Pinturas,204.48
PAL1114,25/10/2025,20,CEM-797,2,26.55,40.17,44.19,38.16,40.17,Cemento,80.34
PAL1114,25/10/2025,30,ELÉ-545,3,15.49,20.45,22.5,19.43,20.45,Eléctrico,61.35
PAL1115,23/09/2025,10,SEG-967,4,25.4,39.18,43.1,37.22,39.18,Seguridad,156.72
PAL1115,23/09/2025,20,PLY-100,1,15.3,23.84,26.22,22.65,23.84,Plywood,23.84
PAL1116,23/01/2026,10,PIN-340,1,17.57,30.29,33.32,28.78,30.29,Pinturas,30.29
PAL1116,23/01/2026,20,CEM-515,4,25.66,41.13,45.24,39.07,41.13,Cemento,164.52
PAL1116,23/01/2026,30,CEM-242,4,24.08,39.05,42.95,37.1,39.05,Cemento,156.2
PAL1117,07/10/2025,10,CEM-395,2,37.36,63.92,70.31,60.72,63.92,Cemento,127.84
PAL1117,07/10/2025,20,SEG-763,1,28.45,37.27,41.0,35.41,37.27,Seguridad,37.27
PAL1117,07/10/2025,30,PLY-239,4,30.25,49.03,53.93,46.58,49.03,Plywood,196.12
PAL1118,03/11/2025,10,TUB-738,4,19.55,31.33,34.46,29.76,31.33,Tuberías,125.32
PAL1119,06/03/2025,10,CEM-331,3,24.32,36.83,40.51,34.99,36.83,Cemento,110.49
PAL1119,06/03/2025,20,CEM-829,2,26.16,41.3,45.43,39.23,41.3,Cemento,82.6
PAL1120,17/09/2025,10,CEM-681,1,24.12,35.52,39.07,33.74,35.52,Cemento,35.52
PAL1120,17/09/2025,20,CEM-245,1,17.9,28.28,31.11,26.87,28.28,Cemento,28.28
PAL1121,24/03/2026,10,CEM-576,3,35.08,58.44,64.28,55.52,58.44,Cemento,175.32
PAL1121,24/03/2026,20,CEM-583,2,23.32,37.2,40.92,35.34,37.2,Cemento,74.4
PAL1121,24/03/2026,30,TUB-727,3,28.23,48.43,53.27,46.01,48.43,Tuberías,145.29
PAL1122,02/11/2025,10,TUB-687,4,5.38,8.62,9.48,8.19,8.62,Tuberías,34.48
PAL1122,02/11/2025,20,PIN-396,3,19.74,35.02,38.52,33.27,35.02,Pinturas,105.06
PAL1123,06/06/2026,10,TUB-162,3,25.92,39.44,43.38,37.47,39.44,Tuberías,118.32
PAL1124,21/03/2025,10,TUB-928,3,25.05,42.81,47.09,40.67,42.81,Tuberías,128.43
PAL1124,21/03/2025,20,PIN-617,2,5.96,9.14,10.05,8.68,9.14,Pinturas,18.28
PAL1125,03/01/2026,10,CEM-114,3,26.55,37.87,41.66,35.98,37.87,Cemento,113.61
PAL1125,03/01/2026,20,PIN-774,2,26.13,45.69,50.26,43.41,45.69,Pinturas,91.38
PAL1126,15/05/2026,10,PIN-285,4,14.14,23.23,25.55,22.07,23.23,Pinturas,92.92
PAL1126,15/05/2026,20,PIN-248,1,35.17,51.43,56.57,48.86,51.43,Pinturas,51.43
PAL1127,20/03/2026,10,PIN-343,4,31.35,46.95,51.65,44.6,46.95,Pinturas,187.8
PAL1128,22/02/2026,10,TUB-155,3,10.85,18.09,19.9,17.19,18.09,Tuberías,54.27
PAL1128,22/02/2026,20,TUB-575,2,31.44,44.69,49.16,42.46,44.69,Tuberías,89.38
PAL1129,13/08/2025,10,CEM-488,2,31.12,51.87,57.06,49.28,51.87,Cemento,103.74
PAL1129,13/08/2025,20,TUB-112,4,18.65,27.97,30.77,26.57,27.97,Tuberías,111.88
PAL1130,10/06/2026,10,CEM-199,1,16.05,24.96,27.46,23.71,24.96,Cemento,24.96
PAL1130,10/06/2026,20,FER-725,4,27.31,49.29,54.22,46.83,49.29,Ferretería,197.16
PAL1131,21/11/2025,10,CEM-572,4,14.35,19.19,21.11,18.23,19.19,Cemento,76.76
PAL1131,21/11/2025,20,PIN-632,2,31.22,51.82,57.0,49.23,51.82,Pinturas,103.64
PAL1132,11/11/2025,10,TUB-951,1,11.3,18.66,20.53,17.73,18.66,Tuberías,18.66
PAL1132,11/11/2025,20,PLY-459,4,19.39,31.83,35.01,30.24,31.83,Plywood,127.32
PAL1132,11/11/2025,30,CEM-734,1,14.92,20.66,22.73,19.63,20.66,Cemento,20.66
PAL1133,03/03/2025,10,FER-825,1,27.98,48.77,53.65,46.33,48.77,Ferretería,48.77
PAL1134,04/01/2025,10,ACE-213,2,9.55,14.23,15.65,13.52,14.23,Acero,28.46
PAL1135,23/12/2025,10,CEM-383,4,21.34,37.55,41.3,35.67,37.55,Cemento,150.2
PAL1136,25/11/2025,10,TUB-265,3,28.37,50.2,55.22,47.69,50.2,Tuberías,150.6
PAL1136,25/11/2025,20,PIN-440,4,14.71,19.43,21.37,18.46,19.43,Pinturas,77.72
PAL1137,02/05/2026,10,ACA-305,4,14.26,22.1,24.31,21.0,22.1,Acabados,88.4
PAL1137,02/05/2026,20,TUB-653,2,11.25,18.24,20.06,17.33,18.24,Tuberías,36.48
PAL1138,25/06/2025,10,CEM-205,3,27.52,48.09,52.9,45.69,48.09,Cemento,144.27
PAL1138,25/06/2025,20,PLY-119,4,7.46,13.05,14.36,12.4,13.05,Plywood,52.2
PAL1139,16/02/2026,10,TUB-372,4,5.03,6.94,7.63,6.59,6.94,Tuberías,27.76
PAL1140,05/05/2026,10,CEM-589,4,18.7,24.12,26.53,22.91,24.12,Cemento,96.48
PAL1140,05/05/2026,20,CEM-653,1,34.54,58.07,63.88,55.17,58.07,Cemento,58.07
PAL1140,05/05/2026,30,CEM-224,4,18.45,30.17,33.19,28.66,30.17,Cemento,120.68
PAL1141,19/06/2025,10,FER-156,4,17.56,29.22,32.14,27.76,29.22,Ferretería,116.88
PAL1141,19/06/2025,20,TUB-182,3,38.56,54.29,59.72,51.58,54.29,Tuberías,162.87
PAL1141,19/06/2025,30,PIN-280,2,31.62,45.4,49.94,43.13,45.4,Pinturas,90.8
PAL1142,18/09/2025,10,HER-209,4,28.13,32.73,36.0,31.09,32.73,Herramientas,130.92
PAL1143,21/01/2026,10,CEM-243,2,7.97,12.8,14.08,12.16,12.8,Cemento,25.6
PAL1143,21/01/2026,20,PLY-600,2,5.89,11.15,12.27,10.59,11.15,Plywood,22.3
PAL1143,21/01/2026,30,CEM-646,4,32.75,52.79,58.07,50.15,52.79,Cemento,211.16
PAL1144,27/11/2025,10,HER-906,3,5.57,6.57,7.23,6.24,6.57,Herramientas,19.71
PAL1144,27/11/2025,20,TUB-794,4,19.19,28.26,31.09,26.85,28.26,Tuberías,113.04
PAL1145,28/03/2025,10,PLY-853,1,25.28,46.88,51.57,44.54,46.88,Plywood,46.88
PAL1145,28/03/2025,20,PLY-348,1,27.88,44.96,49.46,42.71,44.96,Plywood,44.96
PAL1145,28/03/2025,30,TUB-414,1,9.57,13.89,15.28,13.2,13.89,Tuberías,13.89
PAL1146,27/04/2025,10,CEM-216,1,10.97,17.39,19.13,16.52,17.39,Cemento,17.39
PAL1147,16/03/2026,10,PIN-445,4,12.72,21.56,23.72,20.48,21.56,Pinturas,86.24
PAL1147,16/03/2026,20,PIN-223,3,39.38,64.26,70.69,61.05,64.26,Pinturas,192.78
PAL1147,16/03/2026,30,HER-882,2,25.16,27.73,30.5,26.34,27.73,Herramientas,55.46
PAL1148,02/04/2025,10,PLY-272,4,7.21,10.87,11.96,10.33,10.87,Plywood,43.48
PAL1148,02/04/2025,20,TUB-236,1,24.37,38.83,42.71,36.89,38.83,Tuberías,38.83
PAL1148,02/04/2025,30,PLY-116,2,34.66,58.5,64.35,55.57,58.5,Plywood,117.0
PAL1149,16/03/2025,10,PLY-526,3,11.28,15.89,17.48,15.1,15.89,Plywood,47.67
PAL1150,23/03/2026,10,TUB-521,4,12.22,20.78,22.86,19.74,20.78,Tuberías,83.12
PAL1150,23/03/2026,20,CEM-834,2,11.11,18.18,20.0,17.27,18.18,Cemento,36.36
PAL1151,16/04/2026,10,ACA-528,3,26.95,46.53,51.18,44.2,46.53,Acabados,139.59
PAL1151,16/04/2026,20,PLY-733,1,13.25,18.87,20.76,17.93,18.87,Plywood,18.87
PAL1151,16/04/2026,30,CEM-575,2,31.64,49.35,54.29,46.88,49.35,Cemento,98.7
PAL1152,25/04/2026,10,TUB-801,2,14.67,21.46,23.61,20.39,21.46,Tuberías,42.92
PAL1152,25/04/2026,20,PIN-786,2,36.9,56.84,62.52,54.0,56.84,Pinturas,113.68
PAL1152,25/04/2026,30,FER-545,2,6.89,10.34,11.37,9.82,10.34,Ferretería,20.68
PAL1153,09/05/2026,10,TUB-858,1,36.15,57.87,63.66,54.98,57.87,Tuberías,57.87
PAL1153,09/05/2026,20,PLY-596,1,23.81,34.43,37.87,32.71,34.43,Plywood,34.43
PAL1154,17/06/2026,10,PLY-529,3,13.24,21.17,23.29,20.11,21.17,Plywood,63.51
PAL1155,07/10/2025,10,TUB-333,3,16.4,29.1,32.01,27.64,29.1,Tuberías,87.3
PAL1155,07/10/2025,20,PLY-325,4,30.82,56.25,61.88,53.44,56.25,Plywood,225.0
PAL1155,07/10/2025,30,PLY-248,4,25.48,35.43,38.97,33.66,35.43,Plywood,141.72
PAL1156,07/11/2025,10,CEM-747,2,18.56,25.18,27.7,23.92,25.18,Cemento,50.36
PAL1156,07/11/2025,20,CEM-808,1,14.44,21.04,23.14,19.99,21.04,Cemento,21.04
PAL1156,07/11/2025,30,TUB-569,4,14.82,21.03,23.13,19.98,21.03,Tuberías,84.12
PAL1157,14/05/2025,10,PIN-908,2,12.69,18.25,20.08,17.34,18.25,Pinturas,36.5
PAL1158,26/01/2025,10,ACA-188,2,36.7,59.49,65.44,56.52,59.49,Acabados,118.98
PAL1158,26/01/2025,20,CEM-705,2,23.26,40.06,44.07,38.06,40.06,Cemento,80.12
PAL1158,26/01/2025,30,CEM-853,4,21.2,27.45,30.2,26.08,27.45,Cemento,109.8
PAL1159,28/02/2025,10,CEM-687,2,20.2,28.28,31.11,26.87,28.28,Cemento,56.56
PAL1160,01/02/2026,10,HER-535,1,6.4,7.86,8.65,7.47,7.86,Herramientas,7.86
PAL1160,01/02/2026,20,CEM-563,1,21.77,36.79,40.47,34.95,36.79,Cemento,36.79
PAL1161,16/10/2025,10,PLY-323,4,31.36,54.28,59.71,51.57,54.28,Plywood,217.12
PAL1162,05/06/2025,10,CEM-785,4,27.67,36.9,40.59,35.05,36.9,Cemento,147.6
PAL1162,05/06/2025,20,CEM-565,1,29.62,50.95,56.05,48.4,50.95,Cemento,50.95
PAL1163,15/03/2025,10,ELÉ-741,3,19.19,25.3,27.83,24.04,25.3,Eléctrico,75.9
PAL1164,15/01/2026,10,TUB-643,3,35.11,49.06,53.97,46.61,49.06,Tuberías,147.18
PAL1164,15/01/2026,20,PLY-906,2,19.91,29.97,32.97,28.47,29.97,Plywood,59.94
PAL1164,15/01/2026,30,TUB-627,1,26.72,41.11,45.22,39.05,41.11,Tuberías,41.11
PAL1165,22/02/2025,10,ELÉ-474,1,8.88,10.43,11.47,9.91,10.43,Eléctrico,10.43
PAL1165,22/02/2025,20,CEM-241,2,27.69,45.49,50.04,43.22,45.49,Cemento,90.98
PAL1166,11/12/2025,10,TUB-871,2,27.72,48.57,53.43,46.14,48.57,Tuberías,97.14
PAL1167,24/05/2026,10,CEM-383,4,36.43,56.15,61.77,53.34,56.15,Cemento,224.6
PAL1168,02/06/2025,10,CEM-581,1,20.83,32.09,35.3,30.49,32.09,Cemento,32.09
PAL1169,23/10/2025,10,TUB-919,3,23.65,35.84,39.42,34.05,35.84,Tuberías,107.52
PAL1169,23/10/2025,20,TUB-292,1,29.26,55.02,60.52,52.27,55.02,Tuberías,55.02
PAL1169,23/10/2025,30,ELÉ-395,2,21.03,22.65,24.91,21.52,22.65,Eléctrico,45.3
PAL1170,03/12/2025,10,PLY-995,2,8.92,12.85,14.14,12.21,12.85,Plywood,25.7
PAL1171,07/06/2025,10,ACA-585,2,5.79,8.9,9.79,8.46,8.9,Acabados,17.8
PAL1171,07/06/2025,20,CEM-293,3,20.54,33.12,36.43,31.46,33.12,Cemento,99.36
PAL1171,07/06/2025,30,PLY-521,3,35.51,52.75,58.03,50.11,52.75,Plywood,158.25
PAL1172,19/12/2025,10,TUB-568,4,32.54,52.66,57.93,50.03,52.66,Tuberías,210.64
PAL1172,19/12/2025,20,CEM-908,2,9.62,16.21,17.83,15.4,16.21,Cemento,32.42
PAL1173,09/11/2025,10,CEM-251,1,38.98,65.31,71.84,62.04,65.31,Cemento,65.31
PAL1174,12/08/2025,10,CEM-286,3,10.82,18.97,20.87,18.02,18.97,Cemento,56.91
PAL1174,12/08/2025,20,HER-265,2,34.38,45.15,49.66,42.89,45.15,Herramientas,90.3
PAL1175,08/06/2025,10,PLY-478,3,16.08,22.98,25.28,21.83,22.98,Plywood,68.94
PAL1176,06/09/2025,10,TUB-251,3,6.21,9.49,10.44,9.02,9.49,Tuberías,28.47
PAL1177,12/01/2025,10,TUB-514,1,10.69,16.25,17.88,15.44,16.25,Tuberías,16.25
PAL1177,12/01/2025,20,FER-259,3,31.9,57.44,63.18,54.57,57.44,Ferretería,172.32
PAL1178,01/04/2025,10,TUB-585,3,22.76,38.79,42.67,36.85,38.79,Tuberías,116.37
PAL1178,01/04/2025,20,ELÉ-918,2,38.94,50.87,55.96,48.33,50.87,Eléctrico,101.74
PAL1178,01/04/2025,30,TUB-849,1,36.74,58.6,64.46,55.67,58.6,Tuberías,58.6
PAL1179,16/04/2025,10,PLY-732,4,24.28,37.05,40.76,35.2,37.05,Plywood,148.2
PAL1180,27/02/2026,10,CEM-697,2,8.24,10.84,11.92,10.3,10.84,Cemento,21.68
PAL1181,17/09/2025,10,PIN-651,1,31.85,44.21,48.63,42.0,44.21,Pinturas,44.21
PAL1182,28/04/2026,10,TUB-299,4,38.52,72.38,79.62,68.76,72.38,Tuberías,289.52
PAL1182,28/04/2026,20,CEM-782,1,26.11,40.35,44.39,38.33,40.35,Cemento,40.35
PAL1183,12/03/2025,10,PLY-112,3,34.88,54.36,59.8,51.64,54.36,Plywood,163.08
PAL1183,12/03/2025,20,CEM-320,1,17.3,30.8,33.88,29.26,30.8,Cemento,30.8
PAL1184,24/02/2026,10,PIN-925,2,19.55,29.57,32.53,28.09,29.57,Pinturas,59.14
PAL1184,24/02/2026,20,TUB-242,4,36.42,63.64,70.0,60.46,63.64,Tuberías,254.56
PAL1185,27/04/2026,10,TUB-167,3,10.03,15.26,16.79,14.5,15.26,Tuberías,45.78
PAL1185,27/04/2026,20,FER-519,1,25.67,38.67,42.54,36.74,38.67,Ferretería,38.67
PAL1185,27/04/2026,30,TUB-827,4,14.57,21.17,23.29,20.11,21.17,Tuberías,84.68
PAL1186,19/10/2025,10,CEM-143,4,34.13,48.93,53.82,46.48,48.93,Cemento,195.72
PAL1187,27/08/2025,10,PIN-329,4,15.64,24.58,27.04,23.35,24.58,Pinturas,98.32
PAL1187,27/08/2025,20,PLY-227,4,5.09,7.64,8.4,7.26,7.64,Plywood,30.56
PAL1188,21/06/2025,10,ELÉ-129,2,19.6,23.86,26.25,22.67,23.86,Eléctrico,47.72
PAL1188,21/06/2025,20,PLY-713,1,14.7,27.8,30.58,26.41,27.8,Plywood,27.8
PAL1188,21/06/2025,30,PIN-743,3,25.34,39.9,43.89,37.9,39.9,Pinturas,119.7
PAL1189,22/11/2025,10,HER-965,1,33.64,40.09,44.1,38.09,40.09,Herramientas,40.09
PAL1189,22/11/2025,20,CEM-999,4,25.36,34.52,37.97,32.79,34.52,Cemento,138.08
PAL1190,23/03/2025,10,CEM-149,3,6.85,10.07,11.08,9.57,10.07,Cemento,30.21
PAL1191,10/12/2025,10,CEM-883,2,37.77,58.42,64.26,55.5,58.42,Cemento,116.84
PAL1191,10/12/2025,20,PLY-946,3,31.34,51.75,56.93,49.16,51.75,Plywood,155.25
PAL1192,28/04/2026,10,PIN-198,3,14.5,23.8,26.18,22.61,23.8,Pinturas,71.4
PAL1192,28/04/2026,20,TUB-630,2,17.31,24.86,27.35,23.62,24.86,Tuberías,49.72
PAL1192,28/04/2026,30,CEM-204,2,32.26,48.24,53.06,45.83,48.24,Cemento,96.48
PAL1193,07/04/2026,10,CEM-527,1,34.11,57.59,63.35,54.71,57.59,Cemento,57.59
PAL1194,15/03/2025,10,PLY-419,3,9.59,13.15,14.47,12.49,13.15,Plywood,39.45
PAL1195,23/11/2025,10,PLY-276,3,20.47,38.64,42.5,36.71,38.64,Plywood,115.92
PAL1195,23/11/2025,20,TUB-231,2,6.01,10.78,11.86,10.24,10.78,Tuberías,21.56
PAL1196,28/04/2025,10,PLY-180,2,12.93,18.47,20.32,17.55,18.47,Plywood,36.94
PAL1196,28/04/2025,20,CEM-893,1,31.71,42.62,46.88,40.49,42.62,Cemento,42.62
PAL1196,28/04/2025,30,CEM-912,1,20.09,27.86,30.65,26.47,27.86,Cemento,27.86
PAL1197,22/04/2026,10,TUB-167,1,21.42,39.48,43.43,37.51,39.48,Tuberías,39.48
PAL1197,22/04/2026,20,CEM-716,1,5.36,7.16,7.88,6.8,7.16,Cemento,7.16
PAL1197,22/04/2026,30,CEM-129,3,36.54,50.46,55.51,47.94,50.46,Cemento,151.38
PAL1198,03/01/2025,10,PIN-460,3,37.96,67.12,73.83,63.76,67.12,Pinturas,201.36
PAL1199,06/01/2025,10,PIN-201,1,26.45,40.84,44.92,38.8,40.84,Pinturas,40.84
PAL1199,06/01/2025,20,PIN-388,2,31.71,49.35,54.29,46.88,49.35,Pinturas,98.7
PAL1199,06/01/2025,30,PLY-319,1,31.39,42.81,47.09,40.67,42.81,Plywood,42.81
PAL1200,17/01/2025,10,CEM-285,1,29.43,40.64,44.7,38.61,40.64,Cemento,40.64
PAL1200,17/01/2025,20,PIN-517,2,39.35,59.16,65.08,56.2,59.16,Pinturas,118.32
PAL1200,17/01/2025,30,PLY-632,1,39.46,56.33,61.96,53.51,56.33,Plywood,56.33
PAL1201,05/11/2025,10,PIN-184,1,29.67,46.6,51.26,44.27,46.6,Pinturas,46.6
PAL1201,05/11/2025,20,CEM-803,3,9.05,12.95,14.25,12.3,12.95,Cemento,38.85
PAL1202,27/01/2025,10,CEM-293,4,19.25,34.34,37.77,32.62,34.34,Cemento,137.36
PAL1202,27/01/2025,20,ACE-283,3,36.32,56.56,62.22,53.73,56.56,Acero,169.68
PAL1203,01/12/2025,10,CEM-222,1,8.68,13.09,14.4,12.44,13.09,Cemento,13.09
PAL1203,01/12/2025,20,PLY-859,1,19.02,31.88,35.07,30.29,31.88,Plywood,31.88
PAL1203,01/12/2025,30,FER-446,2,39.22,52.82,58.1,50.18,52.82,Ferretería,105.64
PAL1204,07/09/2025,10,PIN-842,4,19.15,26.94,29.63,25.59,26.94,Pinturas,107.76
PAL1204,07/09/2025,20,CEM-874,3,31.77,53.17,58.49,50.51,53.17,Cemento,159.51
PAL1204,07/09/2025,30,PIN-782,4,27.53,41.06,45.17,39.01,41.06,Pinturas,164.24
PAL1205,20/12/2025,10,SEG-210,4,22.9,30.14,33.15,28.63,30.14,Seguridad,120.56
PAL1205,20/12/2025,20,PLY-130,2,22.13,32.85,36.14,31.21,32.85,Plywood,65.7
PAL1206,04/05/2026,10,PLY-491,2,7.39,12.73,14.0,12.09,12.73,Plywood,25.46
PAL1206,04/05/2026,20,TUB-878,1,16.44,25.0,27.5,23.75,25.0,Tuberías,25.0
PAL1206,04/05/2026,30,PLY-306,4,31.31,55.44,60.98,52.67,55.44,Plywood,221.76
PAL1207,10/11/2025,10,CEM-882,1,22.67,35.39,38.93,33.62,35.39,Cemento,35.39
PAL1207,10/11/2025,20,PLY-560,4,20.06,37.09,40.8,35.24,37.09,Plywood,148.36
PAL1207,10/11/2025,30,CEM-281,1,18.17,27.61,30.37,26.23,27.61,Cemento,27.61
PAL1208,18/11/2025,10,ACE-541,4,15.61,23.61,25.97,22.43,23.61,Acero,94.44
PAL1208,18/11/2025,20,PLY-682,1,30.05,48.72,53.59,46.28,48.72,Plywood,48.72
PAL1208,18/11/2025,30,TUB-587,4,28.1,48.46,53.31,46.04,48.46,Tuberías,193.84
PAL1209,18/06/2026,10,CEM-731,4,18.7,28.74,31.61,27.3,28.74,Cemento,114.96
PAL1210,22/10/2025,10,PIN-231,1,14.96,19.75,21.73,18.76,19.75,Pinturas,19.75
PAL1210,22/10/2025,20,PIN-883,1,17.21,28.63,31.49,27.2,28.63,Pinturas,28.63
PAL1211,21/02/2026,10,CEM-459,4,19.99,35.73,39.3,33.94,35.73,Cemento,142.92
PAL1211,21/02/2026,20,PLY-706,3,13.55,20.14,22.15,19.13,20.14,Plywood,60.42
PAL1212,03/08/2025,10,PLY-651,1,15.67,24.16,26.58,22.95,24.16,Plywood,24.16
PAL1212,03/08/2025,20,CEM-373,4,21.13,36.4,40.04,34.58,36.4,Cemento,145.6
PAL1212,03/08/2025,30,PLY-486,3,21.44,29.45,32.4,27.98,29.45,Plywood,88.35
PAL1213,19/04/2025,10,CEM-444,2,8.42,12.91,14.2,12.26,12.91,Cemento,25.82
PAL1213,19/04/2025,20,CEM-729,2,33.4,54.24,59.66,51.53,54.24,Cemento,108.48
PAL1214,10/02/2026,10,HER-960,1,12.06,15.58,17.14,14.8,15.58,Herramientas,15.58
PAL1214,10/02/2026,20,PIN-687,3,12.49,17.78,19.56,16.89,17.78,Pinturas,53.34
PAL1215,13/02/2026,10,TUB-706,1,38.53,67.11,73.82,63.75,67.11,Tuberías,67.11
PAL1216,11/05/2025,10,PLY-455,2,33.04,53.35,58.69,50.68,53.35,Plywood,106.7
PAL1216,11/05/2025,20,PIN-543,3,27.8,40.08,44.09,38.08,40.08,Pinturas,120.24
PAL1217,22/10/2025,10,CEM-787,4,19.5,27.58,30.34,26.2,27.58,Cemento,110.32
PAL1217,22/10/2025,20,PIN-690,2,11.32,14.7,16.17,13.96,14.7,Pinturas,29.4
PAL1217,22/10/2025,30,CEM-374,4,28.13,47.9,52.69,45.5,47.9,Cemento,191.6
PAL1218,21/11/2025,10,PIN-634,1,34.85,60.88,66.97,57.84,60.88,Pinturas,60.88
PAL1218,21/11/2025,20,CEM-964,3,21.19,29.85,32.84,28.36,29.85,Cemento,89.55
PAL1218,21/11/2025,30,CEM-749,1,16.15,27.55,30.31,26.17,27.55,Cemento,27.55
PAL1219,07/09/2025,10,CEM-515,2,15.05,20.6,22.66,19.57,20.6,Cemento,41.2
PAL1219,07/09/2025,20,CEM-575,3,10.25,13.34,14.67,12.67,13.34,Cemento,40.02
PAL1220,16/10/2025,10,SEG-263,2,19.77,33.33,36.66,31.66,33.33,Seguridad,66.66
PAL1220,16/10/2025,20,CEM-774,3,6.02,10.15,11.17,9.64,10.15,Cemento,30.45
PAL1220,16/10/2025,30,TUB-901,4,27.55,38.08,41.89,36.18,38.08,Tuberías,152.32
PAL1221,01/01/2026,10,ACE-516,1,7.94,11.63,12.79,11.05,11.63,Acero,11.63
PAL1222,12/04/2026,10,TUB-341,2,8.16,15.19,16.71,14.43,15.19,Tuberías,30.38
PAL1222,12/04/2026,20,PLY-608,3,30.71,57.08,62.79,54.23,57.08,Plywood,171.24
PAL1222,12/04/2026,30,ELÉ-437,3,13.33,14.55,16.01,13.82,14.55,Eléctrico,43.65
PAL1223,27/03/2026,10,PIN-323,4,33.2,55.27,60.8,52.51,55.27,Pinturas,221.08
PAL1223,27/03/2026,20,PLY-518,4,11.13,20.91,23.0,19.86,20.91,Plywood,83.64
PAL1223,27/03/2026,30,CEM-816,3,25.63,39.34,43.27,37.37,39.34,Cemento,118.02
PAL1224,04/12/2025,10,TUB-903,3,21.62,32.23,35.45,30.62,32.23,Tuberías,96.69
PAL1224,04/12/2025,20,FER-121,3,17.7,29.76,32.74,28.27,29.76,Ferretería,89.28
PAL1225,21/03/2025,10,PLY-807,1,30.88,55.19,60.71,52.43,55.19,Plywood,55.19
PAL1225,21/03/2025,20,FER-416,4,28.51,41.15,45.27,39.09,41.15,Ferretería,164.6
PAL1225,21/03/2025,30,TUB-647,1,29.52,54.33,59.76,51.61,54.33,Tuberías,54.33
PAL1226,28/11/2025,10,ACE-361,4,18.6,29.89,32.88,28.4,29.89,Acero,119.56
PAL1227,10/10/2025,10,FER-549,2,31.48,46.16,50.78,43.85,46.16,Ferretería,92.32
PAL1228,21/03/2025,10,ELÉ-380,1,31.84,37.83,41.61,35.94,37.83,Eléctrico,37.83
PAL1228,21/03/2025,20,ACE-854,4,33.81,54.82,60.3,52.08,54.82,Acero,219.28
PAL1229,14/06/2026,10,TUB-815,2,35.69,64.11,70.52,60.9,64.11,Tuberías,128.22
PAL1229,14/06/2026,20,CEM-564,3,7.32,10.98,12.08,10.43,10.98,Cemento,32.94
PAL1230,23/01/2026,10,PIN-910,4,27.45,37.94,41.73,36.04,37.94,Pinturas,151.76
PAL1231,21/06/2026,10,PLY-213,1,12.0,18.29,20.12,17.38,18.29,Plywood,18.29
PAL1232,06/02/2026,10,CEM-967,2,38.94,66.44,73.08,63.12,66.44,Cemento,132.88
PAL1233,20/10/2025,10,CEM-366,2,37.88,57.4,63.14,54.53,57.4,Cemento,114.8
PAL1233,20/10/2025,20,PLY-303,3,25.76,39.57,43.53,37.59,39.57,Plywood,118.71
PAL1233,20/10/2025,30,PLY-954,4,17.87,28.08,30.89,26.68,28.08,Plywood,112.32
PAL1234,19/08/2025,10,PLY-191,2,5.8,9.62,10.58,9.14,9.62,Plywood,19.24
PAL1235,15/04/2025,10,CEM-714,4,34.81,45.7,50.27,43.41,45.7,Cemento,182.8
PAL1236,09/10/2025,10,PLY-114,1,17.88,33.37,36.71,31.7,33.37,Plywood,33.37
PAL1237,23/01/2025,10,CEM-221,4,37.2,56.41,62.05,53.59,56.41,Cemento,225.64
PAL1237,23/01/2025,20,CEM-394,3,12.11,21.37,23.51,20.3,21.37,Cemento,64.11
PAL1237,23/01/2025,30,PIN-714,2,18.37,27.68,30.45,26.3,27.68,Pinturas,55.36
PAL1238,07/08/2025,10,TUB-129,2,11.63,16.93,18.62,16.08,16.93,Tuberías,33.86
PAL1238,07/08/2025,20,CEM-478,2,14.16,22.64,24.9,21.51,22.64,Cemento,45.28
PAL1239,19/01/2025,10,TUB-809,3,8.0,12.87,14.16,12.23,12.87,Tuberías,38.61
PAL1239,19/01/2025,20,CEM-853,4,12.43,18.41,20.25,17.49,18.41,Cemento,73.64
PAL1239,19/01/2025,30,TUB-440,1,7.56,12.52,13.77,11.89,12.52,Tuberías,12.52
PAL1240,08/04/2025,10,ELÉ-105,1,39.89,54.63,60.09,51.9,54.63,Eléctrico,54.63
PAL1240,08/04/2025,20,CEM-787,4,26.69,38.44,42.28,36.52,38.44,Cemento,153.76
PAL1241,12/05/2026,10,HER-273,3,24.58,31.23,34.35,29.67,31.23,Herramientas,93.69
PAL1242,17/08/2025,10,FER-827,3,35.73,49.35,54.29,46.88,49.35,Ferretería,148.05
PAL1242,17/08/2025,20,CEM-230,1,9.96,13.41,14.75,12.74,13.41,Cemento,13.41
PAL1243,16/10/2025,10,PIN-727,3,37.42,53.59,58.95,50.91,53.59,Pinturas,160.77
PAL1243,16/10/2025,20,PIN-268,4,37.44,58.04,63.84,55.14,58.04,Pinturas,232.16
PAL1244,11/10/2025,10,SEG-154,4,31.73,41.83,46.01,39.74,41.83,Seguridad,167.32
PAL1244,11/10/2025,20,CEM-366,4,6.91,9.54,10.49,9.06,9.54,Cemento,38.16
PAL1244,11/10/2025,30,PLY-141,4,21.35,30.39,33.43,28.87,30.39,Plywood,121.56
PAL1245,15/01/2025,10,SEG-966,1,24.63,36.14,39.75,34.33,36.14,Seguridad,36.14
PAL1245,15/01/2025,20,TUB-989,2,10.18,15.74,17.31,14.95,15.74,Tuberías,31.48
PAL1246,10/06/2026,10,PIN-697,2,31.25,53.26,58.59,50.6,53.26,Pinturas,106.52
PAL1247,01/06/2025,10,PIN-886,2,11.32,19.85,21.84,18.86,19.85,Pinturas,39.7
PAL1247,01/06/2025,20,CEM-797,3,8.3,12.06,13.27,11.46,12.06,Cemento,36.18
PAL1247,01/06/2025,30,HER-957,1,9.27,11.05,12.16,10.5,11.05,Herramientas,11.05
PAL1248,11/01/2026,10,PLY-564,4,21.11,36.7,40.37,34.87,36.7,Plywood,146.8
PAL1249,21/11/2025,10,TUB-432,4,5.2,9.75,10.73,9.26,9.75,Tuberías,39.0
PAL1249,21/11/2025,20,ACA-316,2,39.99,71.62,78.78,68.04,71.62,Acabados,143.24
PAL1250,28/03/2026,10,PIN-660,1,14.9,25.21,27.73,23.95,25.21,Pinturas,25.21
PAL1251,20/03/2026,10,PLY-191,4,13.93,20.75,22.83,19.71,20.75,Plywood,83.0
PAL1251,20/03/2026,20,PLY-391,4,12.29,19.28,21.21,18.32,19.28,Plywood,77.12
PAL1252,21/04/2025,10,PLY-801,3,15.45,27.63,30.39,26.25,27.63,Plywood,82.89
PAL1252,21/04/2025,20,TUB-624,3,17.57,24.79,27.27,23.55,24.79,Tuberías,74.37
PAL1252,21/04/2025,30,CEM-676,3,20.59,30.54,33.59,29.01,30.54,Cemento,91.62
PAL1253,20/11/2025,10,PLY-544,2,19.79,30.83,33.91,29.29,30.83,Plywood,61.66
PAL1253,20/11/2025,20,TUB-792,4,8.25,13.47,14.82,12.8,13.47,Tuberías,53.88
PAL1254,08/03/2025,10,TUB-397,1,10.43,16.93,18.62,16.08,16.93,Tuberías,16.93
PAL1254,08/03/2025,20,CEM-252,3,7.77,13.14,14.45,12.48,13.14,Cemento,39.42
PAL1254,08/03/2025,30,SEG-635,2,28.95,40.27,44.3,38.26,40.27,Seguridad,80.54
PAL1255,14/01/2026,10,TUB-622,1,24.28,44.87,49.36,42.63,44.87,Tuberías,44.87
PAL1255,14/01/2026,20,CEM-463,3,8.31,13.47,14.82,12.8,13.47,Cemento,40.41
PAL1256,09/08/2025,10,PLY-283,4,22.62,32.17,35.39,30.56,32.17,Plywood,128.68
PAL1256,09/08/2025,20,PIN-997,4,34.5,45.27,49.8,43.01,45.27,Pinturas,181.08
PAL1256,09/08/2025,30,TUB-738,4,15.99,27.9,30.69,26.5,27.9,Tuberías,111.6
PAL1257,26/01/2026,10,CEM-289,2,37.13,62.97,69.27,59.82,62.97,Cemento,125.94
PAL1257,26/01/2026,20,PLY-544,1,39.38,59.06,64.97,56.11,59.06,Plywood,59.06
PAL1258,18/03/2026,10,PLY-571,4,9.08,13.19,14.51,12.53,13.19,Plywood,52.76
PAL1259,23/11/2025,10,ACE-410,4,38.8,56.82,62.5,53.98,56.82,Acero,227.28
PAL1259,23/11/2025,20,TUB-923,4,39.09,60.66,66.73,57.63,60.66,Tuberías,242.64
PAL1260,10/08/2025,10,PLY-812,1,5.49,7.8,8.58,7.41,7.8,Plywood,7.8
PAL1261,07/05/2026,10,CEM-962,4,27.7,44.74,49.21,42.5,44.74,Cemento,178.96
PAL1262,21/11/2025,10,CEM-532,4,15.53,23.62,25.98,22.44,23.62,Cemento,94.48
PAL1262,21/11/2025,20,PLY-596,4,10.81,15.6,17.16,14.82,15.6,Plywood,62.4
PAL1262,21/11/2025,30,CEM-401,2,35.09,55.53,61.08,52.75,55.53,Cemento,111.06
PAL1263,19/07/2025,10,PLY-525,4,5.28,8.96,9.86,8.51,8.96,Plywood,35.84
PAL1263,19/07/2025,20,PIN-137,3,30.8,48.97,53.87,46.52,48.97,Pinturas,146.91
PAL1264,16/04/2026,10,CEM-337,4,25.69,41.0,45.1,38.95,41.0,Cemento,164.0
PAL1264,16/04/2026,20,TUB-666,3,23.49,37.22,40.94,35.36,37.22,Tuberías,111.66
PAL1265,03/10/2025,10,ELÉ-737,4,19.6,23.74,26.11,22.55,23.74,Eléctrico,94.96
PAL1265,03/10/2025,20,ACA-265,1,17.14,28.84,31.72,27.4,28.84,Acabados,28.84
PAL1266,10/10/2025,10,CEM-701,2,17.03,23.92,26.31,22.72,23.92,Cemento,47.84
PAL1266,10/10/2025,20,ELÉ-234,4,16.87,21.17,23.29,20.11,21.17,Eléctrico,84.68
PAL1266,10/10/2025,30,ELÉ-953,4,30.3,35.84,39.42,34.05,35.84,Eléctrico,143.36
PAL1267,22/12/2025,10,PIN-736,2,32.86,55.63,61.19,52.85,55.63,Pinturas,111.26
PAL1267,22/12/2025,20,CEM-232,4,29.17,38.83,42.71,36.89,38.83,Cemento,155.32
PAL1267,22/12/2025,30,PLY-605,4,10.47,17.0,18.7,16.15,17.0,Plywood,68.0
PAL1268,10/10/2025,10,CEM-465,3,6.65,8.62,9.48,8.19,8.62,Cemento,25.86
PAL1269,22/03/2025,10,PLY-445,1,35.08,57.18,62.9,54.32,57.18,Plywood,57.18
PAL1270,14/03/2025,10,TUB-448,3,9.22,13.64,15.0,12.96,13.64,Tuberías,40.92
PAL1271,26/02/2025,10,PIN-973,2,31.95,50.18,55.2,47.67,50.18,Pinturas,100.36
PAL1271,26/02/2025,20,TUB-548,1,23.04,39.54,43.49,37.56,39.54,Tuberías,39.54
PAL1272,26/12/2025,10,ACA-943,1,31.45,57.43,63.17,54.56,57.43,Acabados,57.43
PAL1272,26/12/2025,20,TUB-991,1,22.76,32.97,36.27,31.32,32.97,Tuberías,32.97
PAL1273,07/04/2025,10,PLY-850,4,15.22,24.3,26.73,23.09,24.3,Plywood,97.2
PAL1273,07/04/2025,20,ELÉ-225,2,10.4,12.21,13.43,11.6,12.21,Eléctrico,24.42
PAL1274,28/03/2025,10,CEM-954,2,19.55,32.75,36.03,31.11,32.75,Cemento,65.5
PAL1275,26/08/2025,10,CEM-832,3,22.68,30.18,33.2,28.67,30.18,Cemento,90.54
PAL1275,26/08/2025,20,PIN-871,2,17.62,28.63,31.49,27.2,28.63,Pinturas,57.26
PAL1276,25/01/2026,10,CEM-519,4,12.99,21.98,24.18,20.88,21.98,Cemento,87.92
PAL1276,25/01/2026,20,ELÉ-130,3,38.31,46.95,51.65,44.6,46.95,Eléctrico,140.85
PAL1276,25/01/2026,30,CEM-186,1,31.96,52.71,57.98,50.07,52.71,Cemento,52.71
PAL1277,11/03/2025,10,CEM-877,4,32.03,48.25,53.08,45.84,48.25,Cemento,193.0
PAL1277,11/03/2025,20,PLY-746,1,37.29,53.77,59.15,51.08,53.77,Plywood,53.77
PAL1278,23/04/2025,10,ELÉ-838,3,39.04,46.56,51.22,44.23,46.56,Eléctrico,139.68
PAL1278,23/04/2025,20,PIN-640,3,36.82,47.62,52.38,45.24,47.62,Pinturas,142.86
PAL1278,23/04/2025,30,TUB-657,2,10.14,15.97,17.57,15.17,15.97,Tuberías,31.94
PAL1279,20/03/2026,10,TUB-894,4,29.41,53.88,59.27,51.19,53.88,Tuberías,215.52
PAL1279,20/03/2026,20,CEM-499,3,15.55,20.31,22.34,19.29,20.31,Cemento,60.93
PAL1279,20/03/2026,30,TUB-318,3,30.9,44.09,48.5,41.89,44.09,Tuberías,132.27
PAL1280,03/01/2026,10,TUB-123,2,23.25,40.98,45.08,38.93,40.98,Tuberías,81.96
PAL1280,03/01/2026,20,PLY-952,2,32.88,55.15,60.67,52.39,55.15,Plywood,110.3
PAL1280,03/01/2026,30,PIN-849,1,30.43,54.39,59.83,51.67,54.39,Pinturas,54.39
PAL1281,02/10/2025,10,CEM-559,1,22.76,30.73,33.8,29.19,30.73,Cemento,30.73
PAL1281,02/10/2025,20,CEM-924,2,30.79,46.68,51.35,44.35,46.68,Cemento,93.36
PAL1282,24/10/2025,10,TUB-458,2,36.3,61.48,67.63,58.41,61.48,Tuberías,122.96
PAL1282,24/10/2025,20,CEM-831,2,28.34,48.13,52.94,45.72,48.13,Cemento,96.26
PAL1282,24/10/2025,30,CEM-942,2,30.81,41.31,45.44,39.24,41.31,Cemento,82.62
PAL1283,25/04/2025,10,CEM-183,4,10.13,15.22,16.74,14.46,15.22,Cemento,60.88
PAL1283,25/04/2025,20,PLY-556,2,19.87,28.43,31.27,27.01,28.43,Plywood,56.86
PAL1284,03/03/2025,10,TUB-992,4,19.1,31.65,34.81,30.07,31.65,Tuberías,126.6
PAL1284,03/03/2025,20,CEM-805,4,22.46,33.71,37.08,32.02,33.71,Cemento,134.84
PAL1285,16/03/2026,10,HER-596,2,33.83,37.38,41.12,35.51,37.38,Herramientas,74.76
PAL1285,16/03/2026,20,TUB-811,1,9.53,16.53,18.18,15.7,16.53,Tuberías,16.53
PAL1285,16/03/2026,30,CEM-221,3,21.57,35.89,39.48,34.1,35.89,Cemento,107.67
PAL1286,20/01/2025,10,PLY-220,2,17.94,27.2,29.92,25.84,27.2,Plywood,54.4
PAL1286,20/01/2025,20,CEM-128,4,39.69,57.17,62.89,54.31,57.17,Cemento,228.68
PAL1287,26/01/2025,10,PLY-390,3,25.64,35.58,39.14,33.8,35.58,Plywood,106.74
PAL1288,07/11/2025,10,PIN-169,3,22.11,29.87,32.86,28.38,29.87,Pinturas,89.61
PAL1289,28/03/2025,10,CEM-900,3,25.06,39.41,43.35,37.44,39.41,Cemento,118.23
PAL1290,13/12/2025,10,PIN-616,2,34.18,46.36,51.0,44.04,46.36,Pinturas,92.72
PAL1290,13/12/2025,20,TUB-987,2,31.66,54.29,59.72,51.58,54.29,Tuberías,108.58
PAL1291,24/01/2025,10,PLY-338,4,26.87,45.51,50.06,43.23,45.51,Plywood,182.04
PAL1291,24/01/2025,20,ELÉ-853,4,16.86,17.97,19.77,17.07,17.97,Eléctrico,71.88
PAL1292,09/11/2025,10,PLY-674,3,10.8,14.85,16.34,14.11,14.85,Plywood,44.55
PAL1292,09/11/2025,20,TUB-683,1,27.54,38.7,42.57,36.77,38.7,Tuberías,38.7
PAL1292,09/11/2025,30,CEM-223,1,31.27,48.19,53.01,45.78,48.19,Cemento,48.19
PAL1293,22/01/2025,10,PLY-949,2,5.66,10.08,11.09,9.58,10.08,Plywood,20.16
PAL1293,22/01/2025,20,TUB-511,3,36.07,57.57,63.33,54.69,57.57,Tuberías,172.71
PAL1293,22/01/2025,30,TUB-547,3,22.2,41.22,45.34,39.16,41.22,Tuberías,123.66
PAL1294,06/04/2025,10,PLY-217,1,23.48,36.75,40.43,34.91,36.75,Plywood,36.75
PAL1294,06/04/2025,20,HER-361,2,23.96,27.76,30.54,26.37,27.76,Herramientas,55.52
PAL1295,25/03/2025,10,PLY-729,1,38.33,66.05,72.66,62.75,66.05,Plywood,66.05
PAL1296,11/06/2026,10,PLY-245,3,7.05,11.06,12.17,10.51,11.06,Plywood,33.18
PAL1297,14/12/2025,10,CEM-307,1,37.96,66.09,72.7,62.79,66.09,Cemento,66.09
PAL1297,14/12/2025,20,CEM-217,4,25.9,36.44,40.08,34.62,36.44,Cemento,145.76
PAL1298,09/11/2025,10,CEM-517,1,24.36,32.17,35.39,30.56,32.17,Cemento,32.17
PAL1299,21/01/2025,10,FER-352,1,5.65,9.03,9.93,8.58,9.03,Ferretería,9.03
